學院,系所,領域,向度,編號,班別,科目名稱,科目名稱_中文,科目名稱_英文,任課教授,上課時數,正課/實驗實習/書報討論,學分,選必,上課時間,上課地點,限修人數,課程大綱,備註
其他,通識教育中心,1,中國語文知識與應用,7101134,01,中文閱讀與生命書寫（二）Reading Chinese and Writing Life Experience (II) ,中文閱讀與生命書寫（二）,Reading Chinese and Writing Life Experience (II) ,莊家瑋 ,2,2/0/0,2,通識," 一2,3",共同教室大樓213,53,https://ecourse2.ccu.edu.tw/local/intro/course_intro.php?cour_no=109_2_7101134_01,.依上學期修課名單原班載入，大一學生需依所屬學系中文時段修課，大二以上學生請至中文系辦理加選。50%自選教材，以「兩岸現當代文學與影像敘事」為主。SDGs對應目標：4、11、16。
其他,通識教育中心,1,中國語文知識與應用,7101134,02,中文閱讀與生命書寫（二）Reading Chinese and Writing Life Experience (II) ,中文閱讀與生命書寫（二）,Reading Chinese and Writing Life Experience (II) ,蔡翔任 ,2,2/0/0,2,通識," 一2,3",共同教室大樓214,53,https://ecourse2.ccu.edu.tw/local/intro/course_intro.php?cour_no=109_2_7101134_02,.依上學期修課名單原班載入，大一學生需依所屬學系中文時段修課，大二以上學生請至中文系辦理加選。50%自選教材，以「散文」為主，「小說」為輔。SDGs對應目標：4、11、16。
其他,通識教育中心,1,中國語文知識與應用,7101134,03,中文閱讀與生命書寫（二）Reading Chinese and Writing Life Experience (II) ,中文閱讀與生命書寫（二）,Reading Chinese and Writing Life Experience (II) ,葉書珊 ,2,2/0/0,2,通識," 一2,3",共同教室大樓205,53,https://ecourse2.ccu.edu.tw/local/intro/course_intro.php?cour_no=109_2_7101134_03,.依上學期修課名單原班載入，大一學生需依所屬學系中文時段修課，大二以上學生請至中文系辦理加選。50%自選教材，以「散文跟音樂」為主。SDGs對應目標：4、11、16。
其他,通識教育中心,1,中國語文知識與應用,7101134,04,中文閱讀與生命書寫（二）Reading Chinese and Writing Life Experience (II) ,中文閱讀與生命書寫（二）,Reading Chinese and Writing Life Experience (II) ,陳厚任 ,2,2/0/0,2,通識," 一2,3",共同教室大樓204,53,https://ecourse2.ccu.edu.tw/local/intro/course_intro.php?cour_no=109_2_7101134_04,.依上學期修課名單原班載入，大一學生需依所屬學系中文時段修課，大二以上學生請至中文系辦理加選。50%自選教材，以「修課同學所屬科系內容的相關書籍、作品為主」，以「電影、音樂」為輔。SDGs對應目標：4、11、16。
其他,通識教育中心,1,中國語文知識與應用,7101134,05,中文閱讀與生命書寫（二）Reading Chinese and Writing Life Experience (II) ,中文閱讀與生命書寫（二）,Reading Chinese and Writing Life Experience (II) ,陳逸根 ,2,2/0/0,2,通識," 一2,3",共同教室大樓206,53,https://ecourse2.ccu.edu.tw/local/intro/course_intro.php?cour_no=109_2_7101134_05,.依上學期修課名單原班載入，大一學生需依所屬學系中文時段修課，大二以上學生請至中文系辦理加選。50%自選教材，以「電影、動漫」為主。SDGs對應目標：4、11、16。
其他,通識教育中心,1,中國語文知識與應用,7101134,06,中文閱讀與生命書寫（二）Reading Chinese and Writing Life Experience (II) ,中文閱讀與生命書寫（二）,Reading Chinese and Writing Life Experience (II) ,陳伯謙 ,2,2/0/0,2,通識," 一2,3",共同教室大樓207,53,https://ecourse2.ccu.edu.tw/local/intro/course_intro.php?cour_no=109_2_7101134_06,.依上學期修課名單原班載入，大一學生需依所屬學系中文時段修課，大二以上學生請至中文系辦理加選。50%自選教材，以「現當代小說、電影」為主。SDGs對應目標：4、11、16。
其他,通識教育中心,1,中國語文知識與應用,7101134,07,中文閱讀與生命書寫（二）Reading Chinese and Writing Life Experience (II) ,中文閱讀與生命書寫（二）,Reading Chinese and Writing Life Experience (II) ,陳厚任 ,2,2/0/0,2,通識," 一10,11",共同教室大樓214,53,https://ecourse2.ccu.edu.tw/local/intro/course_intro.php?cour_no=109_2_7101134_07,.依上學期修課名單原班載入，大一學生需依所屬學系中文時段修課，大二以上學生請至中文系辦理加選。50%自選教材，以「修課同學所屬科系內容的相關書籍、作品」為主，以「電影、音樂」為輔。SDGs對應目標：4、11、16。
其他,通識教育中心,1,中國語文知識與應用,7101134,08,中文閱讀與生命書寫（二）Reading Chinese and Writing Life Experience (II) ,中文閱讀與生命書寫（二）,Reading Chinese and Writing Life Experience (II) ,鍾媄媜 ,2,2/0/0,2,通識," 一10,11",共同教室大樓205,53,https://ecourse2.ccu.edu.tw/local/intro/course_intro.php?cour_no=109_2_7101134_08,.依上學期修課名單原班載入，大一學生需依所屬學系中文時段修課，大二以上學生請至中文系辦理加選。50%自選教材，以「宗教文學」為主。SDGs對應目標：4、11、16。
其他,通識教育中心,1,中國語文知識與應用,7101134,09,中文閱讀與生命書寫（二）Reading Chinese and Writing Life Experience (II) ,中文閱讀與生命書寫（二）,Reading Chinese and Writing Life Experience (II) ,李映瑾 ,2,2/0/0,2,通識," 一10,11",共同教室大樓204,53,https://ecourse2.ccu.edu.tw/local/intro/course_intro.php?cour_no=109_2_7101134_09,.依上學期修課名單原班載入，大一學生需依所屬學系中文時段修課，大二以上學生請至中文系辦理加選。50%自選教材，以「小說、散文、音樂、電影」為主。SDGs對應目標：4、11、16。
其他,通識教育中心,1,中國語文知識與應用,7101134,10,中文閱讀與生命書寫（二）Reading Chinese and Writing Life Experience (II) ,中文閱讀與生命書寫（二）,Reading Chinese and Writing Life Experience (II) ,莊家瑋 ,2,2/0/0,2,通識," 一10,11",共同教室大樓213,53,https://ecourse2.ccu.edu.tw/local/intro/course_intro.php?cour_no=109_2_7101134_10,.依上學期修課名單原班載入，大一學生需依所屬學系中文時段修課，大二以上學生請至中文系辦理加選。50%自選教材，以「兩岸現當代文學與影像敘事」為主。SDGs對應目標：4、11、16。
其他,通識教育中心,1,中國語文知識與應用,7101134,11,中文閱讀與生命書寫（二）Reading Chinese and Writing Life Experience (II) ,中文閱讀與生命書寫（二）,Reading Chinese and Writing Life Experience (II) ,吳慧貞 ,2,2/0/0,2,通識," 二2,3",共同教室大樓321,53,https://ecourse2.ccu.edu.tw/local/intro/course_intro.php?cour_no=109_2_7101134_11,.依上學期修課名單原班載入，大一學生需依所屬學系中文時段修課，大二以上學生請至中文系辦理加選。50%自選教材，以「小說、散文、音樂、電影」為主。SDGs對應目標：4、11、16。
其他,通識教育中心,1,中國語文知識與應用,7101134,12,中文閱讀與生命書寫（二）Reading Chinese and Writing Life Experience (II) ,中文閱讀與生命書寫（二）,Reading Chinese and Writing Life Experience (II) ,陳逸根 ,2,2/0/0,2,通識," 二2,3",共同教室大樓206,53,https://ecourse2.ccu.edu.tw/local/intro/course_intro.php?cour_no=109_2_7101134_12,.依上學期修課名單原班載入，大一學生需依所屬學系中文時段修課，大二以上學生請至中文系辦理加選。50%自選教材，以「電影、動漫」為主。
其他,通識教育中心,1,中國語文知識與應用,7101134,13,中文閱讀與生命書寫（二）Reading Chinese and Writing Life Experience (II) ,中文閱讀與生命書寫（二）,Reading Chinese and Writing Life Experience (II) ,馬玉紅 ,2,2/0/0,2,通識," 二2,3",共同教室大樓201,53,https://ecourse2.ccu.edu.tw/local/intro/course_intro.php?cour_no=109_2_7101134_13,.依上學期修課名單原班載入，大一學生需依所屬學系中文時段修課，大二以上學生請至中文系辦理加選。50%自選教材，以「現代詩」為主。
其他,通識教育中心,1,中國語文知識與應用,7101134,14,中文閱讀與生命書寫（二）Reading Chinese and Writing Life Experience (II) ,中文閱讀與生命書寫（二）,Reading Chinese and Writing Life Experience (II) ,許正平 ,2,2/0/0,2,通識," 二2,3",共同教室大樓202,53,https://ecourse2.ccu.edu.tw/local/intro/course_intro.php?cour_no=109_2_7101134_14,.依上學期修課名單原班載入，大一學生需依所屬學系中文時段修課，大二以上學生請至中文系辦理加選。50%自選教材，以「散文與戲劇」為主。SDGs對應目標：4、11、16。
其他,通識教育中心,1,中國語文知識與應用,7101134,15,中文閱讀與生命書寫（二）Reading Chinese and Writing Life Experience (II) ,中文閱讀與生命書寫（二）,Reading Chinese and Writing Life Experience (II) ,吳慧貞 ,2,2/0/0,2,通識," 二10,11",共同教室大樓321,53,https://ecourse2.ccu.edu.tw/local/intro/course_intro.php?cour_no=109_2_7101134_15,.依上學期修課名單原班載入，大一學生需依所屬學系中文時段修課，大二以上學生請至中文系辦理加選。50%自選教材，以「小說、散文、音樂、電影」為主。SDGs對應目標：4、11、16。
其他,通識教育中心,1,中國語文知識與應用,7101134,16,中文閱讀與生命書寫（二）Reading Chinese and Writing Life Experience (II) ,中文閱讀與生命書寫（二）,Reading Chinese and Writing Life Experience (II) ,鍾媄媜 ,2,2/0/0,2,通識," 二10,11",共同教室大樓205,53,https://ecourse2.ccu.edu.tw/local/intro/course_intro.php?cour_no=109_2_7101134_16,.依上學期修課名單原班載入，大一學生需依所屬學系中文時段修課，大二以上學生請至中文系辦理加選。50%自選教材，以「宗教文學」為主。SDGs對應目標：4、11、16。
其他,通識教育中心,1,中國語文知識與應用,7101134,17,中文閱讀與生命書寫（二）Reading Chinese and Writing Life Experience (II) ,中文閱讀與生命書寫（二）,Reading Chinese and Writing Life Experience (II) ,馬玉紅 ,2,2/0/0,2,通識," 二10,11",共同教室大樓323,53,https://ecourse2.ccu.edu.tw/local/intro/course_intro.php?cour_no=109_2_7101134_17,.依上學期修課名單原班載入，大一學生需依所屬學系中文時段修課，大二以上學生請至中文系辦理加選。50%自選教材，以「現代詩」為主。SDGs對應目標：4、11、16。
其他,通識教育中心,1,中國語文知識與應用,7101134,18,中文閱讀與生命書寫（二）Reading Chinese and Writing Life Experience (II) ,中文閱讀與生命書寫（二）,Reading Chinese and Writing Life Experience (II) ,許正平 ,2,2/0/0,2,通識," 二10,11",共同教室大樓208,53,https://ecourse2.ccu.edu.tw/local/intro/course_intro.php?cour_no=109_2_7101134_18,.依上學期修課名單原班載入，大一學生需依所屬學系中文時段修課，大二以上學生請至中文系辦理加選。50%自選教材，以「散文與戲劇」為主。SDGs對應目標：4、11、16。
其他,通識教育中心,1,中國語文知識與應用,7101134,19,中文閱讀與生命書寫（二）Reading Chinese and Writing Life Experience (II) ,中文閱讀與生命書寫（二）,Reading Chinese and Writing Life Experience (II) ,陳厚任 ,2,2/0/0,2,通識," 二10,11",共同教室大樓213,53,https://ecourse2.ccu.edu.tw/local/intro/course_intro.php?cour_no=109_2_7101134_19,.依上學期修課名單原班載入，大一學生需依所屬學系中文時段修課，大二以上學生請至中文系辦理加選。50%自選教材，以「修課同學所屬科系內容的相關書籍、作品」為主，以「電影、音樂」為輔。SDGs對應目標：4、11、16。
其他,通識教育中心,1,中國語文知識與應用,7101134,20,中文閱讀與生命書寫（二）Reading Chinese and Writing Life Experience (II) ,中文閱讀與生命書寫（二）,Reading Chinese and Writing Life Experience (II) ,蔡翔任 ,2,2/0/0,2,通識," 三2,3",共同教室大樓214,53,https://ecourse2.ccu.edu.tw/local/intro/course_intro.php?cour_no=109_2_7101134_20,.依上學期修課名單原班載入，大一學生需依所屬學系中文時段修課，大二以上學生請至中文系辦理加選。50%自選教材，以「散文」為主，「小說」為輔。SDGs對應目標：4、11、16。
其他,通識教育中心,1,中國語文知識與應用,7101134,21,中文閱讀與生命書寫（二）Reading Chinese and Writing Life Experience (II) ,中文閱讀與生命書寫（二）,Reading Chinese and Writing Life Experience (II) ,賴柯助 ,2,2/0/0,2,通識," 三2,3",文學院101,53,https://ecourse2.ccu.edu.tw/local/intro/course_intro.php?cour_no=109_2_7101134_21,.依上學期修課名單原班載入，大一學生需依所屬學系中文時段修課，大二以上學生請至中文系辦理加選。50%自選教材，以「儒學經典閱讀、思考方法」為主。SDGs對應目標：4、11、16。
其他,通識教育中心,1,中國語文知識與應用,7101134,22,中文閱讀與生命書寫（二）Reading Chinese and Writing Life Experience (II) ,中文閱讀與生命書寫（二）,Reading Chinese and Writing Life Experience (II) ,游富凱 ,2,2/0/0,2,通識," 三2,3",文學院104,53,https://ecourse2.ccu.edu.tw/local/intro/course_intro.php?cour_no=109_2_7101134_22,.依上學期修課名單原班載入，大一學生需依所屬學系中文時段修課，大二以上學生請至中文系辦理加選。50%自選教材，以「小說、電影、戲曲」為主。SDGs對應目標：4、11、16。
其他,通識教育中心,1,中國語文知識與應用,7101134,23,中文閱讀與生命書寫（二）Reading Chinese and Writing Life Experience (II) ,中文閱讀與生命書寫（二）,Reading Chinese and Writing Life Experience (II) ,馬玉紅 ,2,2/0/0,2,通識," 三2,3",共同教室大樓201,53,https://ecourse2.ccu.edu.tw/local/intro/course_intro.php?cour_no=109_2_7101134_23,.依上學期修課名單原班載入，大一學生需依所屬學系中文時段修課，大二以上學生請至中文系辦理加選。50%自選教材，以「現代詩」為主。SDGs對應目標：4、11、16。
其他,通識教育中心,1,中國語文知識與應用,7101134,24,中文閱讀與生命書寫（二）Reading Chinese and Writing Life Experience (II) ,中文閱讀與生命書寫（二）,Reading Chinese and Writing Life Experience (II) ,陳伯謙 ,2,2/0/0,2,通識," 四2,3",共同教室大樓207,53,https://ecourse2.ccu.edu.tw/local/intro/course_intro.php?cour_no=109_2_7101134_24,.依上學期修課名單原班載入，大一學生需依所屬學系中文時段修課，大二以上學生請至中文系辦理加選。50%自選教材，以「現當代小說、電影」為主。SDGs對應目標：4、11、16。
其他,通識教育中心,1,中國語文知識與應用,7101134,25,中文閱讀與生命書寫（二）Reading Chinese and Writing Life Experience (II) ,中文閱讀與生命書寫（二）,Reading Chinese and Writing Life Experience (II) ,蔡翔任 ,2,2/0/0,2,通識," 四2,3",共同教室大樓214,53,https://ecourse2.ccu.edu.tw/local/intro/course_intro.php?cour_no=109_2_7101134_25,.依上學期修課名單原班載入，大一學生需依所屬學系中文時段修課，大二以上學生請至中文系辦理加選。50%自選教材，以「散文」為主，「小說」為輔。SDGs對應目標：4、11、16。
其他,通識教育中心,1,中國語文知識與應用,7101134,26,中文閱讀與生命書寫（二）Reading Chinese and Writing Life Experience (II) ,中文閱讀與生命書寫（二）,Reading Chinese and Writing Life Experience (II) ,廖浿晴 ,2,2/0/0,2,通識," 四2,3",共同教室大樓213,53,https://ecourse2.ccu.edu.tw/local/intro/course_intro.php?cour_no=109_2_7101134_26,.依上學期修課名單原班載入，大一學生需依所屬學系中文時段修課，大二以上學生請至中文系辦理加選。50%自選教材，以「詩詞、小說、影像」為主。SDGs對應目標：4、11、16。
其他,通識教育中心,1,中國語文知識與應用,7101134,27,中文閱讀與生命書寫（二）Reading Chinese and Writing Life Experience (II) ,中文閱讀與生命書寫（二）,Reading Chinese and Writing Life Experience (II) ,鍾媄媜 ,2,2/0/0,2,通識," 四2,3",共同教室大樓205,53,https://ecourse2.ccu.edu.tw/local/intro/course_intro.php?cour_no=109_2_7101134_27,.依上學期修課名單原班載入，大一學生需依所屬學系中文時段修課，大二以上學生請至中文系辦理加選。50%自選教材，以「宗教文學」為主。SDGs對應目標：4、11、16。
其他,通識教育中心,1,中國語文知識與應用,7101134,28,中文閱讀與生命書寫（二）Reading Chinese and Writing Life Experience (II) ,中文閱讀與生命書寫（二）,Reading Chinese and Writing Life Experience (II) ,李映瑾 ,2,2/0/0,2,通識," 四10,11",共同教室大樓204,53,https://ecourse2.ccu.edu.tw/local/intro/course_intro.php?cour_no=109_2_7101134_28,.依上學期修課名單原班載入，大一學生需依所屬學系中文時段修課，大二以上學生請至中文系辦理加選。50%自選教材，以「小說、散文、音樂、電影」為主。SDGs對應目標：4、11、16。
其他,通識教育中心,1,中國語文知識與應用,7101134,29,中文閱讀與生命書寫（二）Reading Chinese and Writing Life Experience (II) ,中文閱讀與生命書寫（二）,Reading Chinese and Writing Life Experience (II) ,蔡翔任 ,2,2/0/0,2,通識," 四10,11",共同教室大樓205,53,https://ecourse2.ccu.edu.tw/local/intro/course_intro.php?cour_no=109_2_7101134_29,.依上學期修課名單原班載入，大一學生需依所屬學系中文時段修課，大二以上學生請至中文系辦理加選。50%自選教材，以「散文」為主，「小說」為輔。SDGs對應目標：4、11、16。
其他,通識教育中心,1,中國語文知識與應用,7101134,30,中文閱讀與生命書寫（二）Reading Chinese and Writing Life Experience (II) ,中文閱讀與生命書寫（二）,Reading Chinese and Writing Life Experience (II) ,廖浿晴 ,2,2/0/0,2,通識," 四10,11",共同教室大樓213,53,https://ecourse2.ccu.edu.tw/local/intro/course_intro.php?cour_no=109_2_7101134_30,.依上學期修課名單原班載入，大一學生需依所屬學系中文時段修課，大二以上學生請至中文系辦理加選。50%自選教材，以「詩詞、小說、影像」為主。SDGs對應目標：4、11、16。
其他,通識教育中心,1,中國語文知識與應用,7101134,31,中文閱讀與生命書寫（二）Reading Chinese and Writing Life Experience (II) ,中文閱讀與生命書寫（二）,Reading Chinese and Writing Life Experience (II) ,葉書珊 ,2,2/0/0,2,通識," 五2,3",共同教室大樓205,53,https://ecourse2.ccu.edu.tw/local/intro/course_intro.php?cour_no=109_2_7101134_31,.依上學期修課名單原班載入，大一學生需依所屬學系中文時段修課，大二以上學生請至中文系辦理加選。50%自選教材，以「散文及音樂」為主。SDGs對應目標：4、11、16。
其他,通識教育中心,1,中國語文知識與應用,7101134,32,中文閱讀與生命書寫（二）Reading Chinese and Writing Life Experience (II) ,中文閱讀與生命書寫（二）,Reading Chinese and Writing Life Experience (II) ,陳伯謙 ,2,2/0/0,2,通識," 五2,3",共同教室大樓207,53,https://ecourse2.ccu.edu.tw/local/intro/course_intro.php?cour_no=109_2_7101134_32,.依上學期修課名單原班載入，大一學生需依所屬學系中文時段修課，大二以上學生請至中文系辦理加選。50%自選教材，以「現當代小說、電影」為主。SDGs對應目標：4、11、16。
其他,通識教育中心,1,中國語文知識與應用,7101134,33,中文閱讀與生命書寫（二）Reading Chinese and Writing Life Experience (II) ,中文閱讀與生命書寫（二）,Reading Chinese and Writing Life Experience (II) ,莊家瑋 ,2,2/0/0,2,通識," 五2,3",共同教室大樓213,53,https://ecourse2.ccu.edu.tw/local/intro/course_intro.php?cour_no=109_2_7101134_33,.依上學期修課名單原班載入，大一學生需依所屬學系中文時段修課，大二以上學生請至中文系辦理加選。50%自選教材，以「兩岸現當代文學與影像敘事」為主。SDGs對應目標：4、11、16。
其他,通識教育中心,1,中國語文知識與應用,7101134,34,中文閱讀與生命書寫（二）Reading Chinese and Writing Life Experience (II) ,中文閱讀與生命書寫（二）,Reading Chinese and Writing Life Experience (II) ,鍾媄媜 ,2,2/0/0,2,通識," 五2,3",共同教室大樓214,53,https://ecourse2.ccu.edu.tw/local/intro/course_intro.php?cour_no=109_2_7101134_34,.依上學期修課名單原班載入，大一學生需依所屬學系中文時段修課，大二以上學生請至中文系辦理加選。50%自選教材，以「宗教文學」為主。SDGs對應目標：4、11、16。
其他,通識教育中心,1,中國語文知識與應用,7101134,35,中文閱讀與生命書寫（二）Reading Chinese and Writing Life Experience (II) ,中文閱讀與生命書寫（二）,Reading Chinese and Writing Life Experience (II) ,陳逸根 ,2,2/0/0,2,通識," 一10,11",文學院116,53,https://ecourse2.ccu.edu.tw/local/intro/course_intro.php?cour_no=109_2_7101134_35,.外僑專班；依上學期修課名單原班載入，大一學生需依所屬學系中文時段修課，大二以上學生請至中文系辦理加選。50%自選教材，以「電影、動漫」為主。SDGs對應目標：4、11、16。
其他,通識教育中心,1,英文能力訓練,7102121,01,實用英語技巧（強化班）Practical English Usage (Intermediate Level) ,實用英語技巧（強化班）,Practical English Usage (Intermediate Level) ,楊岳龍 ,2,2/0/0,2,通識," 三10,11",語言中心語言教室227,30,https://ecourse2.ccu.edu.tw/local/intro/course_intro.php?cour_no=109_2_7102121_01,.1)本課程為大一通識必修(第1學期實用、第2學期應用，各需選修1門)，為利課程改制大三以上學生銜接，109學年度第2學期加開1班實用類課程；2)限英文程度認定為「強化」者選修；3)第一次上課務必出席；4)外文系生不得選修；5)聯合國永續發展(SDGs)對應目標：4.4-4.7。(Attendance at the first class session is mandatory. Students must be present at the first class session to complete the placement test.)
其他,通識教育中心,1,英文能力訓練,7102211,01,應用英語表達（基礎班）English Communication Skills (Pre-intermediate Level) ,應用英語表達（基礎班）,English Communication Skills (Pre-intermediate Level) ,葉靜怡 ,2,2/0/0,2,通識," 二2,3",語言中心語言教室224,40,https://ecourse2.ccu.edu.tw/local/intro/course_intro.php?cour_no=109_2_7102211_01,.1)本課程為大一通識必修(第1學期實用、第2學期應用，各需選修1門)，第一階段系統選課僅開放大一學生加選；2)限英文程度認定為「基礎」者選修；3)若該課程選修人數超過限修人數，則由選課系統進行亂數篩選。建議優先選擇尚未額滿之課程時段；4)系統未篩選上者第二階段以加簽方式選課；5)108(含)學年度以前入學者得於109/12/30(三)、12/31(四)至語言中心辦理「選課登記」；6)第一次上課務必出席；7)外文系生不得選修；8)聯合國永續發展(SDGs)對應目標：4.4-4.7。(Attendance at the first class session is mandatory. Students must be present at the first class session to complete the placement test.)
其他,通識教育中心,1,英文能力訓練,7102211,02,應用英語表達（基礎班）English Communication Skills (Pre-intermediate Level) ,應用英語表達（基礎班）,English Communication Skills (Pre-intermediate Level) ,葉靜怡 ,2,2/0/0,2,通識," 四2,3",語言中心語言教室224,40,https://ecourse2.ccu.edu.tw/local/intro/course_intro.php?cour_no=109_2_7102211_02,.1)本課程為大一通識必修(第1學期實用、第2學期應用，各需選修1門)，第一階段系統選課僅開放大一學生加選；2)限英文程度認定為「基礎」者選修；3)若該課程選修人數超過限修人數，則由選課系統進行亂數篩選。建議優先選擇尚未額滿之課程時段；4)系統未篩選上者第二階段以加簽方式選課；5)108(含)學年度以前入學者得於109/12/30(三)、12/31(四)至語言中心辦理「選課登記」；6)第一次上課務必出席；7)外文系生不得選修；8)聯合國永續發展(SDGs)對應目標：4.4-4.7。(Attendance at the first class session is mandatory. Students must be present at the first class session to complete the placement test.)
其他,通識教育中心,1,英文能力訓練,7102221,01,應用英語技巧（強化班）English Communication Skills (Intermediate Level) ,應用英語技巧（強化班）,English Communication Skills (Intermediate Level) ,葉靜怡 ,2,2/0/0,2,通識," 一8,9",語言中心語言教室224,40,https://ecourse2.ccu.edu.tw/local/intro/course_intro.php?cour_no=109_2_7102221_01,.1)本課程為大一通識必修(第1學期實用、第2學期應用，各需選修1門)，第一階段系統選課僅開放大一學生加選；2)限英文程度認定為「強化」者選修；3)若該課程選修人數超過限修人數，則由選課系統進行亂數篩選。建議優先選擇尚未額滿之課程時段；4)系統未篩選上者第二階段以加簽方式選課；5)108(含)學年度以前入學者得於109/12/30(三)、12/31(四)至語言中心辦理「選課登記」；6)第一次上課務必出席；7)外文系生不得選修；8)聯合國永續發展(SDGs)對應目標：4.4-4.7。(Attendance at the first class session is mandatory. Students must be present at the first class session to complete the placement test.)
其他,通識教育中心,1,英文能力訓練,7102221,02,應用英語技巧（強化班）English Communication Skills (Intermediate Level) ,應用英語技巧（強化班）,English Communication Skills (Intermediate Level) ,吳永倩 ,2,2/0/0,2,通識," 一8,9",語言中心語言教室225,40,https://ecourse2.ccu.edu.tw/local/intro/course_intro.php?cour_no=109_2_7102221_02,.1)本課程為大一通識必修(第1學期實用、第2學期應用，各需選修1門)，第一階段系統選課僅開放大一學生加選；2)限英文程度認定為「強化」者選修；3)若該課程選修人數超過限修人數，則由選課系統進行亂數篩選。建議優先選擇尚未額滿之課程時段；4)系統未篩選上者第二階段以加簽方式選課；5)108(含)學年度以前入學者得於109/12/30(三)、12/31(四)至語言中心辦理「選課登記」；6)第一次上課務必出席；7)外文系生不得選修；8)聯合國永續發展(SDGs)對應目標：4.4-4.7。(Attendance at the first class session is mandatory. Students must be present at the first class session to complete the placement test.)
其他,通識教育中心,1,英文能力訓練,7102221,03,應用英語技巧（強化班）English Communication Skills (Intermediate Level) ,應用英語技巧（強化班）,English Communication Skills (Intermediate Level) ,葉靜怡 ,2,2/0/0,2,通識," 一10,11",語言中心語言教室224,40,https://ecourse2.ccu.edu.tw/local/intro/course_intro.php?cour_no=109_2_7102221_03,.1)本課程為大一通識必修(第1學期實用、第2學期應用，各需選修1門)，第一階段系統選課僅開放大一學生加選；2)限英文程度認定為「強化」者選修；3)若該課程選修人數超過限修人數，則由選課系統進行亂數篩選。建議優先選擇尚未額滿之課程時段；4)系統未篩選上者第二階段以加簽方式選課；5)108(含)學年度以前入學者得於109/12/30(三)、12/31(四)至語言中心辦理「選課登記」；6)第一次上課務必出席；7)外文系生不得選修；8)聯合國永續發展(SDGs)對應目標：4.4-4.7。(Attendance at the first class session is mandatory. Students must be present at the first class session to complete the placement test.)
其他,通識教育中心,1,英文能力訓練,7102221,04,應用英語技巧（強化班）English Communication Skills (Intermediate Level) ,應用英語技巧（強化班）,English Communication Skills (Intermediate Level) ,吳永倩 ,2,2/0/0,2,通識," 一10,11",語言中心語言教室225,40,https://ecourse2.ccu.edu.tw/local/intro/course_intro.php?cour_no=109_2_7102221_04,.1)本課程為大一通識必修(第1學期實用、第2學期應用，各需選修1門)，第一階段系統選課僅開放大一學生加選；2)限英文程度認定為「強化」者選修；3)若該課程選修人數超過限修人數，則由選課系統進行亂數篩選。建議優先選擇尚未額滿之課程時段；4)系統未篩選上者第二階段以加簽方式選課；5)108(含)學年度以前入學者得於109/12/30(三)、12/31(四)至語言中心辦理「選課登記」；6)第一次上課務必出席；7)外文系生不得選修；8)聯合國永續發展(SDGs)對應目標：4.4-4.7。(Attendance at the first class session is mandatory. Students must be present at the first class session to complete the placement test.)
其他,通識教育中心,1,英文能力訓練,7102221,05,應用英語技巧（強化班）English Communication Skills (Intermediate Level) ,應用英語技巧（強化班）,English Communication Skills (Intermediate Level) ,吳永倩 ,2,2/0/0,2,通識," 二2,3",語言中心語言教室225,40,https://ecourse2.ccu.edu.tw/local/intro/course_intro.php?cour_no=109_2_7102221_05,.1)本課程為大一通識必修(第1學期實用、第2學期應用，各需選修1門)，第一階段系統選課僅開放大一學生加選；2)限英文程度認定為「強化」者選修；3)若該課程選修人數超過限修人數，則由選課系統進行亂數篩選。建議優先選擇尚未額滿之課程時段；4)系統未篩選上者第二階段以加簽方式選課；5)108(含)學年度以前入學者得於109/12/30(三)、12/31(四)至語言中心辦理「選課登記」；6)第一次上課務必出席；7)外文系生不得選修；8)聯合國永續發展(SDGs)對應目標：4.4-4.7。(Attendance at the first class session is mandatory. Students must be present at the first class session to complete the placement test.)
其他,通識教育中心,1,英文能力訓練,7102221,06,應用英語技巧（強化班）English Communication Skills (Intermediate Level) ,應用英語技巧（強化班）,English Communication Skills (Intermediate Level) ,葉靜怡 ,2,2/0/0,2,通識," 二10,11",語言中心語言教室224,40,https://ecourse2.ccu.edu.tw/local/intro/course_intro.php?cour_no=109_2_7102221_06,.1)本課程為大一通識必修(第1學期實用、第2學期應用，各需選修1門)，第一階段系統選課僅開放大一學生加選；2)限英文程度認定為「強化」者選修；3)若該課程選修人數超過限修人數，則由選課系統進行亂數篩選。建議優先選擇尚未額滿之課程時段；4)系統未篩選上者第二階段以加簽方式選課；5)108(含)學年度以前入學者得於109/12/30(三)、12/31(四)至語言中心辦理「選課登記」；6)第一次上課務必出席；7)外文系生不得選修；8)聯合國永續發展(SDGs)對應目標：4.4-4.7。(Attendance at the first class session is mandatory. Students must be present at the first class session to complete the placement test.)
其他,通識教育中心,1,英文能力訓練,7102221,07,應用英語技巧（強化班）English Communication Skills (Intermediate Level) ,應用英語技巧（強化班）,English Communication Skills (Intermediate Level) ,吳永倩 ,2,2/0/0,2,通識," 二10,11",語言中心語言教室225,40,https://ecourse2.ccu.edu.tw/local/intro/course_intro.php?cour_no=109_2_7102221_07,.1)本課程為大一通識必修(第1學期實用、第2學期應用，各需選修1門)，第一階段系統選課僅開放大一學生加選；2)限英文程度認定為「強化」者選修；3)若該課程選修人數超過限修人數，則由選課系統進行亂數篩選。建議優先選擇尚未額滿之課程時段；4)系統未篩選上者第二階段以加簽方式選課；5)108(含)學年度以前入學者得於109/12/30(三)、12/31(四)至語言中心辦理「選課登記」；6)第一次上課務必出席；7)外文系生不得選修；8)聯合國永續發展(SDGs)對應目標：4.4-4.7。(Attendance at the first class session is mandatory. Students must be present at the first class session to complete the placement test.)
其他,通識教育中心,1,英文能力訓練,7102221,08,應用英語技巧（強化班）English Communication Skills (Intermediate Level) ,應用英語技巧（強化班）,English Communication Skills (Intermediate Level) ,李佳家 ,2,2/0/0,2,通識," 三2,3",語言中心語言教室224,40,https://ecourse2.ccu.edu.tw/local/intro/course_intro.php?cour_no=109_2_7102221_08,.1)本課程為大一通識必修(第1學期實用、第2學期應用，各需選修1門)，第一階段系統選課僅開放大一學生加選；2)限英文程度認定為「強化」者選修；3)若該課程選修人數超過限修人數，則由選課系統進行亂數篩選。建議優先選擇尚未額滿之課程時段；4)系統未篩選上者第二階段以加簽方式選課；5)108(含)學年度以前入學者得於109/12/30(三)、12/31(四)至語言中心辦理「選課登記」；6)第一次上課務必出席；7)外文系生不得選修；8)聯合國永續發展(SDGs)對應目標：4.4-4.7。(Attendance at the first class session is mandatory. Students must be present at the first class session to complete the placement test.)
其他,通識教育中心,1,英文能力訓練,7102221,09,應用英語技巧（強化班）English Communication Skills (Intermediate Level) ,應用英語技巧（強化班）,English Communication Skills (Intermediate Level) ,葉靜怡 ,2,2/0/0,2,通識," 三10,11",語言中心語言教室224,40,https://ecourse2.ccu.edu.tw/local/intro/course_intro.php?cour_no=109_2_7102221_09,.1)本課程為大一通識必修(第1學期實用、第2學期應用，各需選修1門)，第一階段系統選課僅開放大一學生加選；2)限英文程度認定為「強化」者選修；3)若該課程選修人數超過限修人數，則由選課系統進行亂數篩選。建議優先選擇尚未額滿之課程時段；4)系統未篩選上者第二階段以加簽方式選課；5)108(含)學年度以前入學者得於109/12/30(三)、12/31(四)至語言中心辦理「選課登記」；6)第一次上課務必出席；7)外文系生不得選修；8)聯合國永續發展(SDGs)對應目標：4.4-4.7。(Attendance at the first class session is mandatory. Students must be present at the first class session to complete the placement test.)
其他,通識教育中心,1,英文能力訓練,7102221,10,應用英語技巧（強化班）English Communication Skills (Intermediate Level) ,應用英語技巧（強化班）,English Communication Skills (Intermediate Level) ,葉靜怡 ,2,2/0/0,2,通識," 四10,11",語言中心語言教室224,40,https://ecourse2.ccu.edu.tw/local/intro/course_intro.php?cour_no=109_2_7102221_10,.1)本課程為大一通識必修(第1學期實用、第2學期應用，各需選修1門)，第一階段系統選課僅開放大一學生加選；2)限英文程度認定為「強化」者選修；3)若該課程選修人數超過限修人數，則由選課系統進行亂數篩選。建議優先選擇尚未額滿之課程時段；4)系統未篩選上者第二階段以加簽方式選課；5)108(含)學年度以前入學者得於109/12/30(三)、12/31(四)至語言中心辦理「選課登記」；6)第一次上課務必出席；7)外文系生不得選修；8)聯合國永續發展(SDGs)對應目標：4.4-4.7。(Attendance at the first class session is mandatory. Students must be present at the first class session to complete the placement test.)
其他,通識教育中心,1,英文能力訓練,7102221,11,應用英語技巧（強化班）English Communication Skills (Intermediate Level) ,應用英語技巧（強化班）,English Communication Skills (Intermediate Level) ,吳永倩 ,2,2/0/0,2,通識," 四10,11",語言中心語言教室225,40,https://ecourse2.ccu.edu.tw/local/intro/course_intro.php?cour_no=109_2_7102221_11,.1)本課程為大一通識必修(第1學期實用、第2學期應用，各需選修1門)，第一階段系統選課僅開放大一學生加選；2)限英文程度認定為「強化」者選修；3)若該課程選修人數超過限修人數，則由選課系統進行亂數篩選。建議優先選擇尚未額滿之課程時段；4)系統未篩選上者第二階段以加簽方式選課；5)108(含)學年度以前入學者得於109/12/30(三)、12/31(四)至語言中心辦理「選課登記」；6)第一次上課務必出席；7)外文系生不得選修；8)聯合國永續發展(SDGs)對應目標：4.4-4.7。(Attendance at the first class session is mandatory. Students must be present at the first class session to complete the placement test.)
其他,通識教育中心,1,英文能力訓練,7102221,12,應用英語技巧（強化班）English Communication Skills (Intermediate Level) ,應用英語技巧（強化班）,English Communication Skills (Intermediate Level) ,吳永倩 ,2,2/0/0,2,通識," 三10,11",語言中心語言教室225,40,https://ecourse2.ccu.edu.tw/local/intro/course_intro.php?cour_no=109_2_7102221_12,.1)本課程為大一通識必修(第1學期實用、第2學期應用，各需選修1門)，第一階段系統選課僅開放大一學生加選；2)限英文程度認定為「強化」者選修；3)若該課程選修人數超過限修人數，則由選課系統進行亂數篩選。建議優先選擇尚未額滿之課程時段；4)系統未篩選上者第二階段以加簽方式選課；5)108(含)學年度以前入學者得於109/12/30(三)、12/31(四)至語言中心辦理「選課登記」；6)第一次上課務必出席；7)外文系生不得選修；8)聯合國永續發展(SDGs)對應目標：4.4-4.7。(Attendance at the first class session is mandatory. Students must be present at the first class session to complete the placement test.)
其他,通識教育中心,1,英文能力訓練,7102231,01,應用英語（整合技巧）English Communication Skills (Integrated skills) ,應用英語（整合技巧）,English Communication Skills (Integrated skills) ,李佳家 ,2,2/0/0,2,通識," 一8,9",語言中心語言教室226,30,https://ecourse2.ccu.edu.tw/local/intro/course_intro.php?cour_no=109_2_7102231_01,.1)本課程為大一通識必修(第1學期實用、第2學期應用，各需選修1門)，第一階段系統選課僅開放大一學生加選；2)限英文程度認定為「整合技巧」者選修；3)若該課程選修人數超過限修人數，則由選課系統進行亂數篩選。建議優先選擇尚未額滿之課程時段；4)系統未篩選上者第二階段以加簽方式選課；5)108(含)學年度以前入學者得於109/12/30(三)、12/31(四)至語言中心辦理「選課登記」；6)第一次上課務必出席；7)外文系生不得選修；8)聯合國永續發展(SDGs)對應目標：4.4-4.7。(Attendance at the first class session is mandatory. Students must be present at the first class session to complete the placement test.)
其他,通識教育中心,1,英文能力訓練,7102231,02,應用英語（整合技巧）English Communication Skills (Integrated skills) ,應用英語（整合技巧）,English Communication Skills (Integrated skills) ,李佳家 ,2,2/0/0,2,通識," 一10,11",語言中心語言教室226,30,https://ecourse2.ccu.edu.tw/local/intro/course_intro.php?cour_no=109_2_7102231_02,.1)本課程為大一通識必修(第1學期實用、第2學期應用，各需選修1門)，第一階段系統選課僅開放大一學生加選；2)限英文程度認定為「整合技巧」者選修；3)若該課程選修人數超過限修人數，則由選課系統進行亂數篩選。建議優先選擇尚未額滿之課程時段；4)系統未篩選上者第二階段以加簽方式選課；5)108(含)學年度以前入學者得於109/12/30(三)、12/31(四)至語言中心辦理「選課登記」；6)第一次上課務必出席；7)外文系生不得選修；8)聯合國永續發展(SDGs)對應目標：4.4-4.7。(Attendance at the first class session is mandatory. Students must be present at the first class session to complete the placement test.)
其他,通識教育中心,1,英文能力訓練,7102231,03,應用英語（整合技巧）English Communication Skills (Integrated skills) ,應用英語（整合技巧）,English Communication Skills (Integrated skills) ,李佳家 ,2,2/0/0,2,通識," 二10,11",語言中心語言教室226,30,https://ecourse2.ccu.edu.tw/local/intro/course_intro.php?cour_no=109_2_7102231_03,.1)本課程為大一通識必修(第1學期實用、第2學期應用，各需選修1門)，第一階段系統選課僅開放大一學生加選；2)限英文程度認定為「整合技巧」者選修；3)若該課程選修人數超過限修人數，則由選課系統進行亂數篩選。建議優先選擇尚未額滿之課程時段；4)系統未篩選上者第二階段以加簽方式選課；5)108(含)學年度以前入學者得於109/12/30(三)、12/31(四)至語言中心辦理「選課登記」；6)第一次上課務必出席；7)外文系生不得選修；8)聯合國永續發展(SDGs)對應目標：4.4-4.7。(Attendance at the first class session is mandatory. Students must be present at the first class session to complete the placement test.)
其他,通識教育中心,1,英文能力訓練,7102231,04,應用英語（整合技巧）English Communication Skills (Integrated skills) ,應用英語（整合技巧）,English Communication Skills (Integrated skills) ,李佳家 ,2,2/0/0,2,通識," 三10,11",語言中心語言教室226,30,https://ecourse2.ccu.edu.tw/local/intro/course_intro.php?cour_no=109_2_7102231_04,.1)本課程為大一通識必修(第1學期實用、第2學期應用，各需選修1門)，第一階段系統選課僅開放大一學生加選；2)限英文程度認定為「整合技巧」者選修；3)若該課程選修人數超過限修人數，則由選課系統進行亂數篩選。建議優先選擇尚未額滿之課程時段；4)系統未篩選上者第二階段以加簽方式選課；5)108(含)學年度以前入學者得於109/12/30(三)、12/31(四)至語言中心辦理「選課登記」；6)第一次上課務必出席；7)外文系生不得選修；8)聯合國永續發展(SDGs)對應目標：4.4-4.7。(Attendance at the first class session is mandatory. Students must be present at the first class session to complete the placement test.)
其他,通識教育中心,2,自然科學與技術,7201002,01,數學的過去與未來The Past and Future of Mathematics ,數學的過去與未來,The Past and Future of Mathematics ,余文卿 ,2,2/0/0,2,通識," 二10,11",共同教室大樓204,62,https://ecourse2.ccu.edu.tw/local/intro/course_intro.php?cour_no=109_2_7201002_01,.選課前請至通識教育中心網頁瀏覽各學系不採計通識課程列表。SDGs對應目標：9、16、17。
其他,通識教育中心,2,基礎概論課程,7203002,01,邏輯Logic ,邏輯,Logic ,陳今偉 ,2,2/0/0,2,通識," 一8,9",共同教室大樓422,90,https://ecourse2.ccu.edu.tw/local/intro/course_intro.php?cour_no=109_2_7203002_01,"擋修哲學系.修選課前請至通識教育中心網頁瀏覽各學系不採計通識課程列表。SDGs對應目標：4、11、16。"
其他,通識教育中心,2,自然科學與技術,7204003,01,統計與生活The Statistics of Living ,統計與生活,The Statistics of Living ,高正雄 ,2,2/0/0,2,通識," 五2,3",數學館203,70,https://ecourse2.ccu.edu.tw/local/intro/course_intro.php?cour_no=109_2_7204003_01,"擋修數學系社福系心理系資工系經濟學系財金系企管系會資系資管系.選課前請至通識教育中心網頁瀏覽各學系不採計通識課程列表。SDGs對應目標：1、3、8、15、16。"
其他,通識教育中心,2,自然科學與技術,7204004,01,機率與人生Probability in Life ,機率與人生,Probability in Life ,陳仁義 ,2,2/0/0,2,通識," 五4,5",電算中心217教室,42,https://ecourse2.ccu.edu.tw/local/intro/course_intro.php?cour_no=109_2_7204004_01,"擋修數學系社福系心理系資工系經濟學系財金系企管系會資系資管系.選課前請至通識教育中心網頁瀏覽各學系不採計通識課程列表。SDGs對應目標：3、4、10。"
其他,通識教育中心,3,人文思維與生命探索,7300006,01,音樂文創與文案書寫Creative Writing of Music and Project Design ,音樂文創與文案書寫,Creative Writing of Music and Project Design ,李映瑾 ,2,2/0/0,2,通識," 三4,5",共同教室大樓202,60,https://ecourse2.ccu.edu.tw/local/intro/course_intro.php?cour_no=109_2_7300006_01,".選課前請至通識教育中心網頁瀏覽各學系不採計通識課程列表。SDGs對應目標：4、5、16。"
其他,通識教育中心,3,人文思維與生命探索,7300006,02,音樂文創與文案書寫Creative Writing of Music and Project Design ,音樂文創與文案書寫,Creative Writing of Music and Project Design ,李映瑾 ,2,2/0/0,2,通識," 三8,9",共同教室大樓202,60,https://ecourse2.ccu.edu.tw/local/intro/course_intro.php?cour_no=109_2_7300006_02,".選課前請至通識教育中心網頁瀏覽各學系不採計通識課程列表。SDGs對應目標：4、5、16。"
其他,通識教育中心,3,公民與社會參與,7300007,01,文化資產保存與法規Cultural Property and Regulations ,文化資產保存與法規,Cultural Property and Regulations ,蘇全正 ,2,2/0/0,2,通識," 四10,11",共同教室大樓420,62,https://ecourse2.ccu.edu.tw/local/intro/course_intro.php?cour_no=109_2_7300007_01,".選課前請至通識教育中心網頁瀏覽各學系不採計通識課程列表。SDGs對應目標：4、11、17。"
其他,通識教育中心,3,基礎概論課程,7301018,01,初級台灣手語Basic Taiwan Sign Language ,初級台灣手語,Basic Taiwan Sign Language ,張榮興 ,2,2/0/0,2,通識," 一2,3",共同教室大樓208,60,https://ecourse2.ccu.edu.tw/local/intro/course_intro.php?cour_no=109_2_7301018_01,".選課前請至通識教育中心網頁瀏覽各學系不採計通識課程列表。SDGs對應目標：4、16。"
其他,通識教育中心,3,基礎概論課程,7301023,01,韓文（一）Korean (I) ,韓文（一）,Korean (I) ,金兌珍 ,2,2/0/0,2,通識," 五2,3",共同教室大樓202,60,https://ecourse2.ccu.edu.tw/local/intro/course_intro.php?cour_no=109_2_7301023_01,".選課前請至通識教育中心網頁瀏覽各學系不採計通識課程列表。SDGs對應目標：4、5、8。"
其他,通識教育中心,3,人文思維與生命探索,7301025,01,台灣戲劇欣賞Taiwan Drama Studies ,台灣戲劇欣賞,Taiwan Drama Studies ,劉亮延 ,2,2/0/0,2,通識," 五4,5",共同教室大樓208,60,https://ecourse2.ccu.edu.tw/local/intro/course_intro.php?cour_no=109_2_7301025_01,".選課前請至通識教育中心網頁瀏覽各學系不採計通識課程列表。SDGs對應目標：4。"
其他,通識教育中心,3,基礎概論課程,7301027,01,韓文（二）Korean (II) ,韓文（二）,Korean (II) ,金兌珍 ,2,2/0/0,2,通識," 五4,5",共同教室大樓202,60,https://ecourse2.ccu.edu.tw/local/intro/course_intro.php?cour_no=109_2_7301027_01,"先修科目(7301023)韓文（一）(及格) .選課前請至通識教育中心網頁瀏覽各學系不採計通識課程列表。SDGs對應目標：4、5、8。"
其他,通識教育中心,3,基礎概論課程,7301037,01,日文（二）Japanese (II) ,日文（二）,Japanese (II) ,李玉春 ,2,2/0/0,2,通識," 二7,8",社科院109,60,https://ecourse2.ccu.edu.tw/local/intro/course_intro.php?cour_no=109_2_7301037_01,"先修科目(7301036)日文（一）(及格) 擋修外文系.選課前請至通識教育中心網頁瀏覽各學系不採計通識課程列表。SDGs對應目標：4、10、17。"
其他,通識教育中心,3,基礎概論課程,7301039,01,德文（二）German (II) ,德文（二）,German (II) ,楊美娟 ,2,2/0/0,2,通識," 二4,5",共同教室大樓213,60,https://ecourse2.ccu.edu.tw/local/intro/course_intro.php?cour_no=109_2_7301039_01,"先修科目(7301038)德文（一）(及格) 擋修外文系.選課前請至通識教育中心網頁瀏覽各學系不採計通識課程列表。SDGs對應目標：4。"
其他,通識教育中心,3,基礎概論課程,7301041,01,法文（二）French (II) ,法文（二）,French (II) ,陳泓光 ,2,2/0/0,2,通識," 三8,9",文學院136,60,https://ecourse2.ccu.edu.tw/local/intro/course_intro.php?cour_no=109_2_7301041_01,"先修科目(7301040)法文（一）(及格) 擋修外文系.選課前請至通識教育中心網頁瀏覽各學系不採計通識課程列表。SDGs對應目標：4、10、11。"
其他,通識教育中心,3,基礎概論課程,7301043,01,西班牙文（二）Spanish (II) ,西班牙文（二）,Spanish (II) ,李優俐 ,2,2/0/0,2,通識," 五2,3",文學院136,60,https://ecourse2.ccu.edu.tw/local/intro/course_intro.php?cour_no=109_2_7301043_01,"先修科目(7301042)西班牙文（一）(及格) 擋修外文系.選課前請至通識教育中心網頁瀏覽各學系不採計通識課程列表。SDGs對應目標：4。"
其他,通識教育中心,3,基礎概論課程,7301050,01,中級印尼語Intermediate Indonesian ,中級印尼語,Intermediate Indonesian ,何德華 ,2,2/0/0,2,通識," 二10,11",共同教室大樓302TEAL教室,40,https://ecourse2.ccu.edu.tw/local/intro/course_intro.php?cour_no=109_2_7301050_01,"先修科目(7301049)初級印尼語(及格) . ,列入東協與南亞法制學分學程科目選課前請至通識教育中心網頁瀏覽各學系不採計通識課程列表。SDGs對應目標：5、10、15。"
其他,通識教育中心,3,基礎概論課程,7301051,01,台語文會話（一）Taiwanese Conversation(I) ,台語文會話（一）,Taiwanese Conversation(I) ,李勤岸 ,2,2/0/0,2,通識," 五7,8",共同教室大樓207,60,https://ecourse2.ccu.edu.tw/local/intro/course_intro.php?cour_no=109_2_7301051_01,". ,列入本土語言與文化實踐學分學程科目選課前請至通識教育中心網頁瀏覽各學系不採計通識課程列表。SDGs對應目標：4、10、16。"
其他,通識教育中心,3,基礎概論課程,7301056,01,泰語(一)Basic Thai Language(I) ,泰語(一),Basic Thai Language(I) ,白桂英 ,2,2/0/0,2,通識," 三8,9",共同教室大樓206,50,https://ecourse2.ccu.edu.tw/local/intro/course_intro.php?cour_no=109_2_7301056_01,".選課前請至通識教育中心網頁瀏覽各學系不採計通識課程列表。SDGs對應目標：4、11、16。"
其他,通識教育中心,3,基礎概論課程,7301056,02,泰語(一)Basic Thai Language(I) ,泰語(一),Basic Thai Language(I) ,白桂英 ,2,2/0/0,2,通識," 四4,5",共同教室大樓206,50,https://ecourse2.ccu.edu.tw/local/intro/course_intro.php?cour_no=109_2_7301056_02,".選課前請至通識教育中心網頁瀏覽各學系不採計通識課程列表。SDGs對應目標：4、11、16。"
其他,通識教育中心,3,基礎概論課程,7301057,01,泰語(二)Basic Thai Language (II) ,泰語(二),Basic Thai Language (II) ,白桂英 ,2,2/0/0,2,通識," 三10,11",共同教室大樓206,40,https://ecourse2.ccu.edu.tw/local/intro/course_intro.php?cour_no=109_2_7301057_01,"先修科目(7301056)泰語(一)(及格) .選課前請至通識教育中心網頁瀏覽各學系不採計通識課程列表。SDGs對應目標：4、11、16。"
其他,通識教育中心,3,基礎概論課程,7301058,01,越南語基礎會話Vietnamese Basic Conversation ,越南語基礎會話,Vietnamese Basic Conversation ,胡秋莊 ,2,2/0/0,2,通識," 四10,11",共同教室大樓207,50,https://ecourse2.ccu.edu.tw/local/intro/course_intro.php?cour_no=109_2_7301058_01,".選課前請至通識教育中心網頁瀏覽各學系不採計通識課程列表。SDGs對應目標：4、8、16。"
其他,通識教育中心,3,基礎概論課程,7301060,01,基礎古希臘文Basic Ancient Greek ,基礎古希臘文,Basic Ancient Greek ,黃俊龍 ,2,2/0/0,2,通識," 三8,9",共同教室大樓213,62,https://ecourse2.ccu.edu.tw/local/intro/course_intro.php?cour_no=109_2_7301060_01,".選課前請至通識教育中心網頁瀏覽各學系不採計通識課程列表。SDGs對應目標：16。"
其他,通識教育中心,3,人文思維與生命探索,7301061,01,嘉義書寫與文化創意Writing and Cultural Innovation in Chayi ,嘉義書寫與文化創意,Writing and Cultural Innovation in Chayi ,江寶釵 張日郡 ,2,2/0/0,2,通識," 五2,3",共同教室大樓201,60,https://ecourse2.ccu.edu.tw/local/intro/course_intro.php?cour_no=109_2_7301061_01,".選課前請至通識教育中心網頁瀏覽各學系不採計通識課程列表。SDGs對應目標：4、8。"
其他,通識教育中心,3,人文思維與生命探索,7302019,01,世界史的視野The Perspective of World History ,世界史的視野,The Perspective of World History ,方志強 ,2,2/0/0,2,通識," 四10,11",文學院118,45,https://ecourse2.ccu.edu.tw/local/intro/course_intro.php?cour_no=109_2_7302019_01,"擋修歷史系.選課前請至通識教育中心網頁瀏覽各學系不採計通識課程列表。SDGs對應目標：4、11。"
其他,通識教育中心,3,人文思維與生命探索,7302035,01,世界文化遺產The Heritage of World Culture ,世界文化遺產,The Heritage of World Culture ,朱振宏 ,2,2/0/0,2,通識," 三4,5",文學院155(階梯教室),90,https://ecourse2.ccu.edu.tw/local/intro/course_intro.php?cour_no=109_2_7302035_01,".選課前請至通識教育中心網頁瀏覽各學系不採計通識課程列表。SDGs對應目標：4。"
其他,通識教育中心,3,人文思維與生命探索,7302039,01,從神話看希臘羅馬文化Graeco-Roman Mythology and Culture ,從神話看希臘羅馬文化,Graeco-Roman Mythology and Culture ,黃俊龍 ,2,2/0/0,2,通識," 三4,5",共同教室大樓213,62,https://ecourse2.ccu.edu.tw/local/intro/course_intro.php?cour_no=109_2_7302039_01,"擋修歷史系.選課前請至通識教育中心網頁瀏覽各學系不採計通識課程列表。SDGs對應目標：5。"
其他,通識教育中心,3,人文思維與生命探索,7302041,01,古代中國文明與東西文化交流Ancient Chinese Civilization and Cultural Exchanges ,古代中國文明與東西文化交流,Ancient Chinese Civilization and Cultural Exchanges ,李昭毅 ,2,2/0/0,2,通識," 二10,11",文學院118,45,https://ecourse2.ccu.edu.tw/local/intro/course_intro.php?cour_no=109_2_7302041_01,".選課前請至通識教育中心網頁瀏覽各學系不採計通識課程列表。SDGs對應目標：4。"
其他,通識教育中心,3,人文思維與生命探索,7302042,01,鄒族的語言與文化The Language and Culture of Tsou ,鄒族的語言與文化,The Language and Culture of Tsou ,溫英傑 ,2,2/0/0,2,通識," 五10,11",共同教室大樓208,60,https://ecourse2.ccu.edu.tw/local/intro/course_intro.php?cour_no=109_2_7302042_01,". ,列入本土語言與文化實踐學分學程科目選課前請至通識教育中心網頁瀏覽各學系不採計通識課程列表。SDGs對應目標：4。"
其他,通識教育中心,3,人文思維與生命探索,7302045,01,臺灣民間信仰與生命關懷Taiwan Folk Belief and Life Concern ,臺灣民間信仰與生命關懷,Taiwan Folk Belief and Life Concern ,蘇全正 ,2,2/0/0,2,通識," 二10,11",共同教室大樓420,62,https://ecourse2.ccu.edu.tw/local/intro/course_intro.php?cour_no=109_2_7302045_01,".選課前請至通識教育中心網頁瀏覽各學系不採計通識課程列表。SDGs對應目標：4、11、16。"
其他,通識教育中心,3,人文思維與生命探索,7302046,01,敦煌的文獻與石窟藝術Dunhuang Literature and Grotto Art ,敦煌的文獻與石窟藝術,Dunhuang Literature and Grotto Art ,李映瑾 ,2,2/0/0,2,通識," 一4,5",共同教室大樓202,60,https://ecourse2.ccu.edu.tw/local/intro/course_intro.php?cour_no=109_2_7302046_01,".選課前請至通識教育中心網頁瀏覽各學系不採計通識課程列表。SDGs對應目標：4、10、16。"
其他,通識教育中心,3,人文思維與生命探索,7302046,02,敦煌的文獻與石窟藝術Dunhuang Literature and Grotto Art ,敦煌的文獻與石窟藝術,Dunhuang Literature and Grotto Art ,李映瑾 ,2,2/0/0,2,通識," 四8,9",共同教室大樓202,60,https://ecourse2.ccu.edu.tw/local/intro/course_intro.php?cour_no=109_2_7302046_02,".選課前請至通識教育中心網頁瀏覽各學系不採計通識課程列表。SDGs對應目標：4、10、16。"
其他,通識教育中心,3,人文思維與生命探索,7302047,01,原住民口傳文學與社會關係Aboriginal Oral Literature and Social Relations ,原住民口傳文學與社會關係,Aboriginal Oral Literature and Social Relations ,童信智 ,2,2/0/0,2,通識," 四10,11",共同教室大樓203,60,https://ecourse2.ccu.edu.tw/local/intro/course_intro.php?cour_no=109_2_7302047_01,.選課前請至通識教育中心網頁瀏覽各學系不採計通識課程列表。SDGs對應目標：10、11、16。
其他,通識教育中心,3,人文思維與生命探索,7302048,01,原住民族文化資產概論Introduction of Culture Assets of Taiwanese Indigenous People ,原住民族文化資產概論,Introduction of Culture Assets of Taiwanese Indigenous People ,浦忠勇 ,2,2/0/0,2,通識," 五4,5",共同教室大樓201,60,https://ecourse2.ccu.edu.tw/local/intro/course_intro.php?cour_no=109_2_7302048_01,".選課前請至通識教育中心網頁瀏覽各學系不採計通識課程列表。修習過課碼：7302038臺灣原住民社會文化概論者不得選修。SDGs對應目標：5、11、15。"
其他,通識教育中心,3,人文思維與生命探索,7302049,01,臺灣原住民族的社會與人文The Social and Humanistic Customs of Taiwan’s Indigenous People ,臺灣原住民族的社會與人文,The Social and Humanistic Customs of Taiwan’s Indigenous People ,童信智 ,2,2/0/0,2,通識," 四4,5",共同教室大樓203,60,https://ecourse2.ccu.edu.tw/local/intro/course_intro.php?cour_no=109_2_7302049_01,.選課前請至通識教育中心網頁瀏覽各學系不採計通識課程列表。SDGs對應目標：10、11、16。
其他,通識教育中心,3,基礎概論課程,7303010,01,哲學概論Introduction to Philosophy ,哲學概論,Introduction to Philosophy ,陳今偉 ,2,2/0/0,2,通識," 一4,5",共同教室大樓302TEAL教室,90,https://ecourse2.ccu.edu.tw/local/intro/course_intro.php?cour_no=109_2_7303010_01,"擋修哲學系.選課前請至通識教育中心網頁瀏覽各學系不採計通識課程列表。SDGs對應目標：4、5、8、10、11、16。"
其他,通識教育中心,3,基礎概論課程,7303010,02,哲學概論Introduction to Philosophy ,哲學概論,Introduction to Philosophy ,陳俊明 ,2,2/0/0,2,通識," 五4,5",共同教室大樓419,90,https://ecourse2.ccu.edu.tw/local/intro/course_intro.php?cour_no=109_2_7303010_02,"擋修哲學系.選課前請至通識教育中心網頁瀏覽各學系不採計通識課程列表。SDGs對應目標：4。"
其他,通識教育中心,3,基礎概論課程,7303011,01,倫理學Ethics ,倫理學,Ethics ,林慧旻 ,2,2/0/0,2,通識," 四8,9",共同教室大樓215,90,https://ecourse2.ccu.edu.tw/local/intro/course_intro.php?cour_no=109_2_7303011_01,"擋修哲學系.選課前請至通識教育中心網頁瀏覽各學系不採計通識課程列表。SDGs對應目標：4、10、11。"
其他,通識教育中心,3,人文思維與生命探索,7303014,01,生命倫理學Bioethics ,生命倫理學,Bioethics ,陳俊明 ,2,2/0/0,2,通識," 一4,5",共同教室大樓325,60,https://ecourse2.ccu.edu.tw/local/intro/course_intro.php?cour_no=109_2_7303014_01,"擋修哲學系.選課前請至通識教育中心網頁瀏覽各學系不採計通識課程列表。SDGs對應目標：4、5。"
其他,通識教育中心,3,人文思維與生命探索,7303015,01,批判思考Critical Thinking ,批判思考,Critical Thinking ,林慧旻 ,2,2/0/0,2,通識," 四10,11",共同教室大樓215,90,https://ecourse2.ccu.edu.tw/local/intro/course_intro.php?cour_no=109_2_7303015_01,"擋修哲學系.選課前請至通識教育中心網頁瀏覽各學系不採計通識課程列表。SDGs對應目標：4、11、16。"
其他,通識教育中心,3,人文思維與生命探索,7303018,01,應用倫理學Applied Ethics ,應用倫理學,Applied Ethics ,林耕漢 ,2,2/0/0,2,通識," 五7,8",共同教室大樓206,60,https://ecourse2.ccu.edu.tw/local/intro/course_intro.php?cour_no=109_2_7303018_01,擋修哲學系.選課前請至通識教育中心網頁瀏覽各學系不採計通識課程列表。SDGs對應目標：4。
其他,通識教育中心,3,自然科學與技術,7303022,01,易數邏輯I-Number Logic(遠距教學/Distant learning)   ,易數邏輯,I-Number Logic(遠距教學/Distant learning)   ,游寶達 ,2,2/0/0,2,通識," 二8,9",共同教室大樓215,90,https://ecourse2.ccu.edu.tw/local/intro/course_intro.php?cour_no=109_2_7303022_01,.選課前請至通識教育中心網頁瀏覽各學系不採計通識課程列表。SDGs對應目標：4。
其他,通識教育中心,3,人文思維與生命探索,7303023,01,意識哲學與科學Philosophy and Science of Consciousness ,意識哲學與科學,Philosophy and Science of Consciousness ,陳今偉 ,2,2/0/0,2,通識," 一2,3",共同教室大樓302TEAL教室,60,https://ecourse2.ccu.edu.tw/local/intro/course_intro.php?cour_no=109_2_7303023_01,"擋修哲學系.選課前請至通識教育中心網頁瀏覽各學系不採計通識課程列表。SDGs對應目標：11、16。"
其他,通識教育中心,3,人文思維與生命探索,7303024,01,理性與決策Rationality and Decision-making ,理性與決策,Rationality and Decision-making ,陳俊明 ,2,2/0/0,2,通識," 一8,9",共同教室大樓325,60,https://ecourse2.ccu.edu.tw/local/intro/course_intro.php?cour_no=109_2_7303024_01,"擋修哲學系.選課前請至通識教育中心網頁瀏覽各學系不採計通識課程列表。SDGs對應目標：4。"
其他,通識教育中心,3,藝術與美學,7304003,01,聽覺藝術欣賞Music Appreciation ,聽覺藝術欣賞,Music Appreciation ,黃富琴 ,2,2/0/0,2,通識," 五2,3",共同教室大樓106階梯教室,90,https://ecourse2.ccu.edu.tw/local/intro/course_intro.php?cour_no=109_2_7304003_01,". ,列入「戲劇‧創意‧想像」學分學程科目選課前請至通識教育中心網頁瀏覽各學系不採計通識課程列表。SDGs對應目標：1、4、17。"
其他,通識教育中心,3,藝術與美學,7304007,01,西洋音樂史A History of Western Music ,西洋音樂史,A History of Western Music ,謝馥年 ,2,2/0/0,2,通識," 五4,5",共同教室大樓325,60,https://ecourse2.ccu.edu.tw/local/intro/course_intro.php?cour_no=109_2_7304007_01,". ,列入「戲劇‧創意‧想像」學分學程科目選課前請至通識教育中心網頁瀏覽各學系不採計通識課程列表。SDGs對應目標：4。"
其他,通識教育中心,3,藝術與美學,7304011,01,藝術欣賞Art Appreciation ,藝術欣賞,Art Appreciation ,李淑卿 ,2,2/0/0,2,通識," 二10,11",文學院117,45,https://ecourse2.ccu.edu.tw/local/intro/course_intro.php?cour_no=109_2_7304011_01,".選課前請至通識教育中心網頁瀏覽各學系不採計通識課程列表。SDGs對應目標：4、11。"
其他,通識教育中心,3,藝術與美學,7304012,01,漫遊聲樂的世界Introduction to Vocal Music ,漫遊聲樂的世界,Introduction to Vocal Music ,謝馥年 ,2,2/0/0,2,通識," 五2,3",共同教室大樓325,60,https://ecourse2.ccu.edu.tw/local/intro/course_intro.php?cour_no=109_2_7304012_01,". ,列入「戲劇‧創意‧想像」學分學程科目選課前請至通識教育中心網頁瀏覽各學系不採計通識課程列表。SDGs對應目標：4。"
其他,通識教育中心,3,藝術與美學,7304019,01,藝術基礎理論與賞析The Practice of Western Artists and Theories ,藝術基礎理論與賞析,The Practice of Western Artists and Theories ,黃承德 ,2,2/0/0,2,通識," 四10,11",共同教室大樓401,60,https://ecourse2.ccu.edu.tw/local/intro/course_intro.php?cour_no=109_2_7304019_01,". ,列入藝術文物學程科目 ,列入「戲劇‧創意‧想像」學分學程科目選課前請至通識教育中心網頁瀏覽各學系不採計通識課程列表。SDGs對應目標：4。"
其他,通識教育中心,3,藝術與美學,7304020,01,當代藝術思潮Trends of Contemporary Art ,當代藝術思潮,Trends of Contemporary Art ,黃承德 ,2,2/0/0,2,通識," 二8,9",共同教室大樓507,60,https://ecourse2.ccu.edu.tw/local/intro/course_intro.php?cour_no=109_2_7304020_01,". ,列入藝術文物學程科目 ,列入「戲劇‧創意‧想像」學分學程科目選課前請至通識教育中心網頁瀏覽各學系不採計通識課程列表。SDGs對應目標：4。"
其他,通識教育中心,3,藝術與美學,7304020,02,當代藝術思潮Trends of Contemporary Art ,當代藝術思潮,Trends of Contemporary Art ,黃承德 ,2,2/0/0,2,通識," 二10,11",共同教室大樓507,60,https://ecourse2.ccu.edu.tw/local/intro/course_intro.php?cour_no=109_2_7304020_02,". ,列入藝術文物學程科目 ,列入「戲劇‧創意‧想像」學分學程科目選課前請至通識教育中心網頁瀏覽各學系不採計通識課程列表。SDGs對應目標：4。"
其他,通識教育中心,3,藝術與美學,7304024,01,版畫創作基礎Basic Printmaking ,版畫創作基礎,Basic Printmaking ,黃承德 ,2,2/0/0,2,通識," 一8,9",共同教室大樓507,40,https://ecourse2.ccu.edu.tw/local/intro/course_intro.php?cour_no=109_2_7304024_01,". ,列入藝術文物學程科目 ,列入「戲劇‧創意‧想像」學分學程科目選課前請至通識教育中心網頁瀏覽各學系不採計通識課程列表。SDGs對應目標：4。"
其他,通識教育中心,3,藝術與美學,7304029,01,表演與自我開發Acting and Self-development ,表演與自我開發,Acting and Self-development ,周力德 ,2,2/0/0,2,通識," 五9,10",活動中心301舞蹈教室,26,https://ecourse2.ccu.edu.tw/local/intro/course_intro.php?cour_no=109_2_7304029_01,". ,列入「戲劇‧創意‧想像」學分學程科目限大三以上學生選修，若選課人數達上限則不予加簽。選課前請至通識教育中心網頁瀏覽各學系不採計通識課程列表。SDGs對應目標：4、5、10。"
其他,通識教育中心,3,藝術與美學,7304030,01,戲劇與人生Drama and Life ,戲劇與人生,Drama and Life ,周力德 ,2,2/0/0,2,通識," 五4,5",共同教室大樓212,47,https://ecourse2.ccu.edu.tw/local/intro/course_intro.php?cour_no=109_2_7304030_01,". ,列入「戲劇‧創意‧想像」學分學程科目若選課人數達上限則不予加簽。選課前請至通識教育中心網頁瀏覽各學系不採計通識課程列表。SDGs對應目標：4、5、10。"
其他,通識教育中心,3,藝術與美學,7304030,02,戲劇與人生Drama and Life ,戲劇與人生,Drama and Life ,周力德 ,2,2/0/0,2,通識," 五7,8",共同教室大樓212,47,https://ecourse2.ccu.edu.tw/local/intro/course_intro.php?cour_no=109_2_7304030_02,". ,列入「戲劇‧創意‧想像」學分學程科目若選課人數達上限則不予加簽。選課前請至通識教育中心網頁瀏覽各學系不採計通識課程列表。SDGs對應目標：4、5、10。"
其他,通識教育中心,3,藝術與美學,7304031,01,數位美學Digital Aesthetics ,數位美學,Digital Aesthetics ,陸維元 ,2,2/0/0,2,通識," 一4,5",電算中心217教室,40,https://ecourse2.ccu.edu.tw/local/intro/course_intro.php?cour_no=109_2_7304031_01,". ,列入藝術文物學程科目大一學生不得選修。選課前請至通識教育中心網頁瀏覽各學系不採計通識課程列表。SDGs對應目標：4。"
其他,通識教育中心,3,藝術與美學,7304031,02,數位美學Digital Aesthetics ,數位美學,Digital Aesthetics ,陸維元 ,2,2/0/0,2,通識," 一8,9",電算中心217教室,40,https://ecourse2.ccu.edu.tw/local/intro/course_intro.php?cour_no=109_2_7304031_02,". ,列入藝術文物學程科目大一學生不得選。修選課前請至通識教育中心網頁瀏覽各學系不採計通識課程列表。SDGs對應目標：4。"
其他,通識教育中心,3,能源、環境與生態,7304032,01,自然觀察與紀錄Observation and Preservation of Nature ,自然觀察與紀錄,Observation and Preservation of Nature ,陸維元 ,2,2/0/0,2,通識," 三4,5",共同教室大樓325,36,https://ecourse2.ccu.edu.tw/local/intro/course_intro.php?cour_no=109_2_7304032_01,". ,列入循環科技與永續發展學分學程科目大一學生不得選修。本課程為社會服務學習課程之「認證型課程」，修課學生需前往校外合作單位進行服務，建議備有交通工具或駕照者為佳。SDGs對應目標：4、15。"
其他,通識教育中心,3,藝術與美學,7304033,01,藝術的故事The Story of Art ,藝術的故事,The Story of Art ,陸維元 ,2,2/0/0,2,通識," 二4,5",共同教室大樓325,53,https://ecourse2.ccu.edu.tw/local/intro/course_intro.php?cour_no=109_2_7304033_01,". ,列入「戲劇‧創意‧想像」學分學程科目 ,列入藝術文物學程科目選課前請至通識教育中心網頁瀏覽各學系不採計通識課程列表。SDGs對應目標：4。"
其他,通識教育中心,3,藝術與美學,7304034,01,當代藝術與設計Modern Art and Design ,當代藝術與設計,Modern Art and Design ,鄭安利 ,2,2/0/0,2,通識," 四4,5",共同教室大樓507,60,https://ecourse2.ccu.edu.tw/local/intro/course_intro.php?cour_no=109_2_7304034_01,". ,列入藝術文物學程科目 ,列入「戲劇‧創意‧想像」學分學程科目選課前請至通識教育中心網頁瀏覽各學系不採計通識課程列表。SDGs對應目標：4。"
其他,通識教育中心,3,藝術與美學,7304034,02,當代藝術與設計Modern Art and Design ,當代藝術與設計,Modern Art and Design ,鄭安利 ,2,2/0/0,2,通識," 四8,9",共同教室大樓507,60,https://ecourse2.ccu.edu.tw/local/intro/course_intro.php?cour_no=109_2_7304034_02,". ,列入藝術文物學程科目 ,列入「戲劇‧創意‧想像」學分學程科目選課前請至通識教育中心網頁瀏覽各學系不採計通識課程列表。SDGs對應目標：4。"
其他,通識教育中心,3,藝術與美學,7304035,01,藝術形式及表現手法Art Form and Presentation ,藝術形式及表現手法,Art Form and Presentation ,鄭安利 ,2,2/0/0,2,通識," 四10,11",共同教室大樓507,60,https://ecourse2.ccu.edu.tw/local/intro/course_intro.php?cour_no=109_2_7304035_01,". ,列入「戲劇‧創意‧想像」學分學程科目 ,列入藝術文物學程科目選課前請至通識教育中心網頁瀏覽各學系不採計通識課程列表。SDGs對應目標：4。"
其他,通識教育中心,3,藝術與美學,7304036,01,數位音樂創作Digital Music Design ,數位音樂創作,Digital Music Design ,張介凡 ,2,2/0/0,2,通識," 四8,9",電算中心214教室,38,https://ecourse2.ccu.edu.tw/local/intro/course_intro.php?cour_no=109_2_7304036_01,".選課前請至通識教育中心網頁瀏覽各學系不採計通識課程列表。SDGs對應目標：4。"
其他,通識教育中心,3,藝術與美學,7304038,01,探索音樂治療Exploring Music Therapy ,探索音樂治療,Exploring Music Therapy ,謝馥年 ,2,2/0/0,2,通識," 五7,8",共同教室大樓325,20,https://ecourse2.ccu.edu.tw/local/intro/course_intro.php?cour_no=109_2_7304038_01,".選課前請至通識教育中心網頁瀏覽各學系不採計通識課程列表。SDGs對應目標：3、4。"
其他,通識教育中心,3,藝術與美學,7304041,01,影像美學Image Aesthetics ,影像美學,Image Aesthetics ,陸維元 ,2,2/0/0,2,通識," 三8,9",共同教室大樓506,30,https://ecourse2.ccu.edu.tw/local/intro/course_intro.php?cour_no=109_2_7304041_01,".大一學生不得選。修選課前請至通識教育中心網頁瀏覽各學系不採計通識課程列表。SDGs對應目標：4。"
其他,通識教育中心,3,藝術與美學,7304042,01,世界音樂Introduction to the World Music ,世界音樂,Introduction to the World Music ,邱亭雅 ,2,2/0/0,2,通識," 一8,9",共同教室大樓206,60,https://ecourse2.ccu.edu.tw/local/intro/course_intro.php?cour_no=109_2_7304042_01,".修選課前請至通識教育中心網頁瀏覽各學系不採計通識課程列表。SDGs對應目標：11、16、17。"
其他,通識教育中心,3,藝術與美學,7304043,01,電影配樂發展史與風格賞析The History of Film Scoring - Analysis and Development ,電影配樂發展史與風格賞析,The History of Film Scoring - Analysis and Development ,邱亭雅 ,2,2/0/0,2,通識," 一10,11",共同教室大樓206,60,https://ecourse2.ccu.edu.tw/local/intro/course_intro.php?cour_no=109_2_7304043_01,".修選課前請至通識教育中心網頁瀏覽各學系不採計通識課程列表。SDGs對應目標：11、16、17。"
其他,通識教育中心,3,藝術與美學,7304044,01,進階數位音樂創作Advanced Digital Music Design ,進階數位音樂創作,Advanced Digital Music Design ,張介凡 ,2,2/0/0,2,通識," 四10,11",電算中心214教室,25,https://ecourse2.ccu.edu.tw/local/intro/course_intro.php?cour_no=109_2_7304044_01,"先修科目(7304036)數位音樂創作(及格) .修選課前請至通識教育中心網頁瀏覽各學系不採計通識課程列表。SDGs對應目標：4。"
其他,通識教育中心,3,藝術與美學,7304045,01,博物館策展與導覽Curation Arts and Tour Guiding of Museum ,博物館策展與導覽,Curation Arts and Tour Guiding of Museum ,黃承德 ,2,2/0/0,2,通識," 四8,9",共同教室大樓402,90,https://ecourse2.ccu.edu.tw/local/intro/course_intro.php?cour_no=109_2_7304045_01,".選課前請至通識教育中心網頁瀏覽各學系不採計通識課程列表。本課程規劃於110/4/9（五）下午搭乘遊覽車至故宮南院進行校外參訪，無法參與者請勿選此課程。SDGs對應目標：4。"
其他,通識教育中心,3,人文思維與生命探索,7305002,01,基督信仰與西方近代科學Christian Belief and Modern Sciences in the Western World ,基督信仰與西方近代科學,Christian Belief and Modern Sciences in the Western World ,許佳振 ,2,2/0/0,2,通識," 四10,11",共同教室大樓305階梯教室,90,https://ecourse2.ccu.edu.tw/local/intro/course_intro.php?cour_no=109_2_7305002_01,".修選課前請至通識教育中心網頁瀏覽各學系不採計通識課程列表。SDGs對應目標：4、16。"
其他,通識教育中心,3,跨向度課程,7306044,01,中正講座－向典範學習(十八)Chung Cheng Lectures—Learning from the Masters(XVIII) ,中正講座－向典範學習(十八),Chung Cheng Lectures—Learning from the Masters(XVIII) ,范崇碩 ,2,2/0/0,2,通識," 二10,11",共同教室大樓202,45,https://ecourse2.ccu.edu.tw/local/intro/course_intro.php?cour_no=109_2_7306044_01,".選課前請至通識教育中心網頁瀏覽各學系不採計通識課程列表。SDGs對應目標：3、4、16。"
其他,通識教育中心,3,跨向度課程,7306044,02,中正講座－向典範學習(十八)Chung Cheng Lectures—Learning from the Masters(XVIII) ,中正講座－向典範學習(十八),Chung Cheng Lectures—Learning from the Masters(XVIII) ,陳俊明 ,2,2/0/0,2,通識," 二10,11",共同教室大樓325,45,https://ecourse2.ccu.edu.tw/local/intro/course_intro.php?cour_no=109_2_7306044_02,".選課前請至通識教育中心網頁瀏覽各學系不採計通識課程列表。SDGs對應目標：4、16。"
其他,通識教育中心,3,跨向度課程,7306044,03,	中正講座－向典範學習(十八)Chung Cheng Lectures—Learning from the Masters(XVIII) ,	中正講座－向典範學習(十八),Chung Cheng Lectures—Learning from the Masters(XVIII) ,黃俊儒 ,2,2/0/0,2,通識," 二10,11",共同教室大樓214,45,https://ecourse2.ccu.edu.tw/local/intro/course_intro.php?cour_no=109_2_7306044_03,".選課前請至通識教育中心網頁瀏覽各學系不採計通識課程列表。SDGs對應目標：4、16。"
其他,通識教育中心,3,跨向度課程,7306044,04,中正講座－向典範學習(十八)Chung Cheng Lectures—Learning from the Masters(XVIII) ,中正講座－向典範學習(十八),Chung Cheng Lectures—Learning from the Masters(XVIII) ,楊志和 ,2,2/0/0,2,通識," 二10,11",共同教室大樓203,45,https://ecourse2.ccu.edu.tw/local/intro/course_intro.php?cour_no=109_2_7306044_04,".選課前請至通識教育中心網頁瀏覽各學系不採計通識課程列表。SDGs對應目標：4、15、16。"
其他,通識教育中心,4,公民與社會參與,7400004,01,"婚姻、家庭與法律Marriage, Family and Law ",婚姻、家庭與法律,"Marriage, Family and Law ",曾品傑 ,2,2/0/0,2,通識," 一8,9",共同教室大樓214,62,https://ecourse2.ccu.edu.tw/local/intro/course_intro.php?cour_no=109_2_7400004_01,".修選課前請至通識教育中心網頁瀏覽各學系不採計通識課程列表。SDGs對應目標：4。"
其他,通識教育中心,4,公民與社會參與,7400006,01,高齡社會的衝擊與因應Strategies for Aging Society ,高齡社會的衝擊與因應,Strategies for Aging Society ,楊志和 ,2,2/0/0,2,通識," 一7,8",共同教室大樓203,45,https://ecourse2.ccu.edu.tw/local/intro/course_intro.php?cour_no=109_2_7400006_01,". ,列入長者人權門診跨域學分學程科目修選課前請至通識教育中心網頁瀏覽各學系不採計通識課程列表。SDGs對應目標：3、4、10。"
其他,通識教育中心,4,人文思維與生命探索,7400011,01,民主的理想與現實Ideals and Reality of Democracy ,民主的理想與現實,Ideals and Reality of Democracy ,江宜樺 ,2,2/0/0,2,通識," 三10,11",共同教室大樓215,90,https://ecourse2.ccu.edu.tw/local/intro/course_intro.php?cour_no=109_2_7400011_01,".選課前請至通識教育中心網頁瀏覽各學系不採計通識課程列表。SDGs對應目標：4。"
其他,通識教育中心,4,人文思維與生命探索,7400016,01,友善性別關係Gender Relationship ,友善性別關係,Gender Relationship ,蕭湘鳳 ,2,2/0/0,2,通識," 三8,9",共同教室大樓208,60,https://ecourse2.ccu.edu.tw/local/intro/course_intro.php?cour_no=109_2_7400016_01,".修選課前請至通識教育中心網頁瀏覽各學系不採計通識課程列表。SDGs對應目標：4、5、16。"
其他,通識教育中心,4,人文思維與生命探索,7400017,01,愛情與文學Love and Literature ,愛情與文學,Love and Literature ,蕭湘鳳 ,2,2/0/0,2,通識," 四8,9",共同教室大樓208,60,https://ecourse2.ccu.edu.tw/local/intro/course_intro.php?cour_no=109_2_7400017_01,".修選課前請至通識教育中心網頁瀏覽各學系不採計通識課程列表。SDGs對應目標：4、5、16。"
其他,通識教育中心,4,公民與社會參與,7400018,01,百歲人生趨勢Narrative for 100 Years ,百歲人生趨勢,Narrative for 100 Years ,崔曉倩 ,2,2/0/0,2,通識," 二10,11",共同教室大樓423,30,https://ecourse2.ccu.edu.tw/local/intro/course_intro.php?cour_no=109_2_7400018_01,".修選課前請至通識教育中心網頁瀏覽各學系不採計通識課程列表。SDGs對應目標：4。"
其他,通識教育中心,4,基礎概論課程,7401002,01,心理學緒論Introduction to Psychology ,心理學緒論,Introduction to Psychology ,王豐彬 ,3,3/0/0,3,通識," 二7,8,9",共同教室大樓212,85,https://ecourse2.ccu.edu.tw/local/intro/course_intro.php?cour_no=109_2_7401002_01,"擋修社福系心理系犯防系.修選課前請至通識教育中心網頁瀏覽各學系不採計通識課程列表。SDGs對應目標：3、4。"
其他,通識教育中心,4,基礎概論課程,7401002,02,心理學緒論Introduction to Psychology ,心理學緒論,Introduction to Psychology ,蔣文祁 ,3,3/0/0,3,通識, 二B 四B,社科院127,85,https://ecourse2.ccu.edu.tw/local/intro/course_intro.php?cour_no=109_2_7401002_02,"擋修社福系心理系犯防系.修選課前請至通識教育中心網頁瀏覽各學系不採計通識課程列表。SDGs對應目標：3、16。"
其他,通識教育中心,4,基礎概論課程,7401005,01,認知科學導論Introduction of Cognitive Science (全英語授課/English-taught)  ,認知科學導論 (全英語授課),Introduction of Cognitive Science (English-taught)  ,襲充文 金凱文 ,3,3/0/0,3,通識, 二G 四G,社科院126,35,https://ecourse2.ccu.edu.tw/local/intro/course_intro.php?cour_no=109_2_7401005_01,". ,列入認知科學學程科目修選課前請至通識教育中心網頁瀏覽各學系不採計通識課程列表。SDGs對應目標：3、4。"
其他,通識教育中心,4,公民與社會參與,7401017,01,心理學在社區服務的應用Psychology Applied to Community Service ,心理學在社區服務的應用,Psychology Applied to Community Service ,李洸楚 ,2,2/0/0,2,通識," 一10,11",共同教室大樓207,50,https://ecourse2.ccu.edu.tw/local/intro/course_intro.php?cour_no=109_2_7401017_01,".修選課前請至通識教育中心網頁瀏覽各學系不採計通識課程列表。本課程為社會服務學習課程之「認證型課程」，修課學生需前往校外合作單位進行服務，建議備有交通工具或駕照者為佳。SDGs對應目標：4。"
其他,通識教育中心,4,公民與社會參與,7401017,02,心理學在社區服務的應用Psychology Applied to Community Service ,心理學在社區服務的應用,Psychology Applied to Community Service ,李洸楚 ,2,2/0/0,2,通識," 二8,9",共同教室大樓207,50,https://ecourse2.ccu.edu.tw/local/intro/course_intro.php?cour_no=109_2_7401017_02,".修選課前請至通識教育中心網頁瀏覽各學系不採計通識課程列表。本課程為社會服務學習課程之「認證型課程」，修課學生需前往校外合作單位進行服務，建議備有交通工具或駕照者為佳。SDGs對應目標：4。"
其他,通識教育中心,4,公民與社會參與,7401018,01,人際互動心理學探索Exploring the Psychology of Human Interactions ,人際互動心理學探索,Exploring the Psychology of Human Interactions ,陳怡華 ,2,2/0/0,2,通識," 二2,3",教育二館233,50,https://ecourse2.ccu.edu.tw/local/intro/course_intro.php?cour_no=109_2_7401018_01,".修選課前請至通識教育中心網頁瀏覽各學系不採計通識課程列表。SDGs對應目標：4。"
其他,通識教育中心,4,人文思維與生命探索,7401020,01,心理衛生與適應Mental Health and Adjustment ,心理衛生與適應,Mental Health and Adjustment ,陳怡華 ,2,2/0/0,2,通識," 一2,3",教育二館233,50,https://ecourse2.ccu.edu.tw/local/intro/course_intro.php?cour_no=109_2_7401020_01,".修選課前請至通識教育中心網頁瀏覽各學系不採計通識課程列表。SDGs對應目標：4。"
其他,通識教育中心,4,基礎概論課程,7402011,01,社會學Sociology ,社會學,Sociology ,陳昭榮 ,2,2/0/0,2,通識," 二7,8",共同教室大樓322,62,https://ecourse2.ccu.edu.tw/local/intro/course_intro.php?cour_no=109_2_7402011_01,"擋修社福系政治系犯防系.修選課前請至通識教育中心網頁瀏覽各學系不採計通識課程列表。SDGs對應目標：4。"
其他,通識教育中心,4,公民與社會參與,7402012,01,社會福利Social Welfare ,社會福利,Social Welfare ,陳昭榮 ,2,2/0/0,2,通識," 二10,11",共同教室大樓322,62,https://ecourse2.ccu.edu.tw/local/intro/course_intro.php?cour_no=109_2_7402012_01,"擋修社福系.修選課前請至通識教育中心網頁瀏覽各學系不採計通識課程列表。SDGs對應目標：4。"
其他,通識教育中心,4,公民與社會參與,7402039,01,"傳播科技與社會Communication, Technology and Society ",傳播科技與社會,"Communication, Technology and Society ",羅世宏 ,2,2/0/0,2,通識," 二10,11",社科院115,90,https://ecourse2.ccu.edu.tw/local/intro/course_intro.php?cour_no=109_2_7402039_01,"擋修傳播系.修選課前請至通識教育中心網頁瀏覽各學系不採計通識課程列表。SDGs對應目標：4、5、16。"
其他,通識教育中心,4,公民與社會參與,7402040,01,媒體素養Media Literacy ,媒體素養,Media Literacy ,胡元輝 ,2,2/0/0,2,通識," 二10,11",社科院119,90,https://ecourse2.ccu.edu.tw/local/intro/course_intro.php?cour_no=109_2_7402040_01,"擋修傳播系.修選課前請至通識教育中心網頁瀏覽各學系不採計通識課程列表。SDGs對應目標：4、10、11。"
其他,通識教育中心,4,人文思維與生命探索,7402041,01,"從藝文影音解析當代中國Understanding Contemporary China: An Analysis of Literature, Documentaries and the Cinema ",從藝文影音解析當代中國,"Understanding Contemporary China: An Analysis of Literature, Documentaries and the Cinema ",林穎佑 ,2,2/0/0,2,通識," 五8,9",共同教室大樓215,90,https://ecourse2.ccu.edu.tw/local/intro/course_intro.php?cour_no=109_2_7402041_01,".選課前請至通識教育中心網頁瀏覽各學系不採計通識課程列表。SDGs對應目標：4、16。"
其他,通識教育中心,4,經濟與國際脈動,7403003,01,當前國內外情勢分析Analysis of Domestic and International Situation ,當前國內外情勢分析,Analysis of Domestic and International Situation ,蔡榮祥 ,2,2/0/0,2,通識," 一7,8",共同教室大樓215,90,https://ecourse2.ccu.edu.tw/local/intro/course_intro.php?cour_no=109_2_7403003_01,"擋修經濟學系財金系會資系.修選課前請至通識教育中心網頁瀏覽各學系不採計通識課程列表。SDGs對應目標：4。"
其他,通識教育中心,4,基礎概論課程,7404001,01,法學緒論Introduction to Jurisprudence ,法學緒論,Introduction to Jurisprudence ,謝三榮 ,2,2/0/0,2,通識," 一8,9",共同教室大樓212,90,https://ecourse2.ccu.edu.tw/local/intro/course_intro.php?cour_no=109_2_7404001_01,"擋修社福系政治系法律系法學組法制組財法系.修選課前請至通識教育中心網頁瀏覽各學系不採計通識課程列表。SDGs對應目標：4、16。"
其他,通識教育中心,4,基礎概論課程,7404001,02,法學緒論Introduction to Jurisprudence ,法學緒論,Introduction to Jurisprudence ,謝三榮 ,2,2/0/0,2,通識," 一10,11",共同教室大樓212,90,https://ecourse2.ccu.edu.tw/local/intro/course_intro.php?cour_no=109_2_7404001_02,"擋修社福系政治系法律系法學組法制組財法系.修選課前請至通識教育中心網頁瀏覽各學系不採計通識課程列表。SDGs對應目標：4、16。"
其他,通識教育中心,4,公民與社會參與,7404012,01,職場與法律Workplace and Law ,職場與法律,Workplace and Law ,鄭津津 ,2,2/0/0,2,通識," 一10,11",法學院101階梯教室,90,https://ecourse2.ccu.edu.tw/local/intro/course_intro.php?cour_no=109_2_7404012_01,".修選課前請至通識教育中心網頁瀏覽各學系不採計通識課程列表。SDGs對應目標：5、8、16。"
其他,通識教育中心,4,公民與社會參與,7404017,01,勞工法與企業經營Labor Law and Business Management ,勞工法與企業經營,Labor Law and Business Management ,楊通軒 ,2,2/0/0,2,通識," 三8,9",社科院109,70,https://ecourse2.ccu.edu.tw/local/intro/course_intro.php?cour_no=109_2_7404017_01,"擋修勞工系.修選課前請至通識教育中心網頁瀏覽各學系不採計通識課程列表。SDGs對應目標：4。"
其他,通識教育中心,4,公民與社會參與,7404019,01,認識智慧財產權Introduction to Intellectual Property ,認識智慧財產權,Introduction to Intellectual Property ,姚信安 ,2,2/0/0,2,通識," 三4,5",共同教室大樓214,62,https://ecourse2.ccu.edu.tw/local/intro/course_intro.php?cour_no=109_2_7404019_01,"擋修法律系法學組法制組財法系. ,列入本土語言與文化實踐學分學程科目修選課前請至通識教育中心網頁瀏覽各學系不採計通識課程列表。SDGs對應目標：4。"
其他,通識教育中心,4,公民與社會參與,7404020,01,憲法－政府組織Constitution Law-Governmental Organization ,憲法－政府組織,Constitution Law-Governmental Organization ,李仁淼 ,2,2/0/0,2,通識," 三8,9",法學院101階梯教室,90,https://ecourse2.ccu.edu.tw/local/intro/course_intro.php?cour_no=109_2_7404020_01,"擋修法律系法學組法制組財法系.修選課前請至通識教育中心網頁瀏覽各學系不採計通識課程列表。SDGs對應目標：3、5、9、17。"
其他,通識教育中心,4,公民與社會參與,7404030,01,"規範、文化、辯證Regulations, Cultures, and Dialectics (全英語授課/English-taught)  ",規範、文化、辯證 (全英語授課),"Regulations, Cultures, and Dialectics (English-taught)  ",施慧玲 ,2,2/0/0,2,通識," 一8,9",共同教室大樓302TEAL教室,90,https://ecourse2.ccu.edu.tw/local/intro/course_intro.php?cour_no=109_2_7404030_01,". ,列入全球跨域全英語學分學程科目修選課前請至通識教育中心網頁瀏覽各學系不採計通識課程列表。SDGs對應目標：3、4、5、10、16、17。"
其他,通識教育中心,4,公民與社會參與,7404031,01,人權與法律Human Rights and Law (全英語授課/English-taught)  ,人權與法律 (全英語授課),Human Rights and Law (English-taught)  ,謝國欣 ,2,2/0/0,2,通識," 二4,5",法學院508,40,https://ecourse2.ccu.edu.tw/local/intro/course_intro.php?cour_no=109_2_7404031_01,". ,列入全球跨域全英語學分學程科目修選課前請至通識教育中心網頁瀏覽各學系不採計通識課程列表。SDGs對應目標：4、10、16。"
其他,通識教育中心,4,經濟與國際脈動,7405006,01,生活經濟學Everyday Economics ,生活經濟學,Everyday Economics ,孫佳宏 ,3,3/0/0,3,通識," 一7,8,9",共同教室大樓401,70,https://ecourse2.ccu.edu.tw/local/intro/course_intro.php?cour_no=109_2_7405006_01,"擋修社福系經濟學系財金系會資系.修選課前請至通識教育中心網頁瀏覽各學系不採計通識課程列表。SDGs對應目標：8。"
其他,通識教育中心,4,經濟與國際脈動,7405006,02,生活經濟學Everyday Economics ,生活經濟學,Everyday Economics ,蔡仰虔 ,3,3/0/0,3,通識," 四7,8,9",共同教室大樓401,70,https://ecourse2.ccu.edu.tw/local/intro/course_intro.php?cour_no=109_2_7405006_02,"擋修社福系經濟學系財金系會資系.修選課前請至通識教育中心網頁瀏覽各學系不採計通識課程列表。SDGs對應目標：1、3、4、8、11、12、17。"
其他,通識教育中心,4,經濟與國際脈動,7405010,01,認識台灣經濟Understanding the Taiwanese Economy ,認識台灣經濟,Understanding the Taiwanese Economy ,蔡仰虔 ,2,2/0/0,2,通識," 三10,11",共同教室大樓401,70,https://ecourse2.ccu.edu.tw/local/intro/course_intro.php?cour_no=109_2_7405010_01,"擋修經濟學系財金系會資系.修選課前請至通識教育中心網頁瀏覽各學系不採計通識課程列表。SDGs對應目標：1、2、4、8、9、10、12。"
其他,通識教育中心,4,經濟與國際脈動,7405013,01,認識中國經濟Understanding the China Economy ,認識中國經濟,Understanding the China Economy ,翁世芳 ,2,2/0/0,2,通識," 二8,9",共同教室大樓401,60,https://ecourse2.ccu.edu.tw/local/intro/course_intro.php?cour_no=109_2_7405013_01,"擋修經濟學系財金系會資系.修選課前請至通識教育中心網頁瀏覽各學系不採計通識課程列表。SDGs對應目標：1、10、16。"
其他,通識教育中心,4,經濟與國際脈動,7405014,01,經濟與國家發展Economics and Country Development ,經濟與國家發展,Economics and Country Development ,翁世芳 ,2,2/0/0,2,通識," 二4,5",共同教室大樓401,60,https://ecourse2.ccu.edu.tw/local/intro/course_intro.php?cour_no=109_2_7405014_01,"擋修經濟學系財金系會資系.修選課前請至通識教育中心網頁瀏覽各學系不採計通識課程列表。SDGs對應目標：3、12、16。"
其他,通識教育中心,4,經濟與國際脈動,7405018,01,當前國際金融情勢分析Current Development of International Monetary System ,當前國際金融情勢分析,Current Development of International Monetary System ,馮立功 ,2,2/0/0,2,通識," 三4,5",共同教室大樓216,90,https://ecourse2.ccu.edu.tw/local/intro/course_intro.php?cour_no=109_2_7405018_01,".修選課前請至通識教育中心網頁瀏覽各學系不採計通識課程列表。SDGs對應目標：4。"
其他,通識教育中心,4,經濟與國際脈動,7405019,01,金融科技導論Introduction to Financial Technology ,金融科技導論,Introduction to Financial Technology ,洪育忠 ,2,2/0/0,2,通識," 一10,11",創新大樓163,60,https://ecourse2.ccu.edu.tw/local/intro/course_intro.php?cour_no=109_2_7405019_01,"擋修財金系會資系資管系.選課前請至通識教育中心網頁瀏覽各學系不採計通識課程列表。SDGs對應目標：4。"
其他,通識教育中心,4,經濟與國際脈動,7406015,01,企業倫理Business Ethics ,企業倫理,Business Ethics ,盧龍泉 ,2,2/0/0,2,通識," 四4,5",管理學院114,90,https://ecourse2.ccu.edu.tw/local/intro/course_intro.php?cour_no=109_2_7406015_01,"擋修財金系企管系會資系資管系.修選課前請至通識教育中心網頁瀏覽各學系不採計通識課程列表。SDGs對應目標：4、5、7、8、12、13、15、16。"
其他,通識教育中心,4,經濟與國際脈動,7406018,01,理財與生活Financial Management in Life ,理財與生活,Financial Management in Life ,洪育忠 ,2,2/0/0,2,通識," 二7,8",創新大樓162,60,https://ecourse2.ccu.edu.tw/local/intro/course_intro.php?cour_no=109_2_7406018_01,"擋修經濟學系財金系企管系會資系資管系.修選課前請至通識教育中心網頁瀏覽各學系不採計通識課程列表。SDGs對應目標：4。"
其他,通識教育中心,4,經濟與國際脈動,7406032,01,財務管理概論Introduction to Financial management ,財務管理概論,Introduction to Financial management ,沈伯凡 ,2,2/0/0,2,通識," 五4,5",共同教室大樓207,60,https://ecourse2.ccu.edu.tw/local/intro/course_intro.php?cour_no=109_2_7406032_01,"擋修經濟學系財金系企管系會資系資管系.修選課前請至通識教育中心網頁瀏覽各學系不採計通識課程列表。SDGs對應目標：1、12。"
其他,通識教育中心,4,經濟與國際脈動,7406032,02,財務管理概論Introduction to Financial management ,財務管理概論,Introduction to Financial management ,黃柏雄 ,2,2/0/0,2,通識," 一4,5",共同教室大樓207,60,https://ecourse2.ccu.edu.tw/local/intro/course_intro.php?cour_no=109_2_7406032_02,"擋修經濟學系財金系企管系會資系資管系.修選課前請至通識教育中心網頁瀏覽各學系不採計通識課程列表。SDGs對應目標：4、8。"
其他,通識教育中心,4,經濟與國際脈動,7406036,01,投資規劃與生活Investment Planning and Life ,投資規劃與生活,Investment Planning and Life ,莊益源 ,2,2/0/0,2,通識," 一7,8",管理學院201,60,https://ecourse2.ccu.edu.tw/local/intro/course_intro.php?cour_no=109_2_7406036_01,"擋修經濟學系財金系企管系會資系資管系.修選課前請至通識教育中心網頁瀏覽各學系不採計通識課程列表。SDGs對應目標：1。"
其他,通識教育中心,4,人文思維與生命探索,7407007,01,英國女性政治史話The Women in the Political History of England ,英國女性政治史話,The Women in the Political History of England ,張秀蓉 ,2,2/0/0,2,通識," 四10,11",共同教室大樓208,60,https://ecourse2.ccu.edu.tw/local/intro/course_intro.php?cour_no=109_2_7407007_01,".修選課前請至通識教育中心網頁瀏覽各學系不採計通識課程列表。SDGs對應目標：4、5、16。"
其他,通識教育中心,4,公民與社會參與,7407015,01,服務學習Service-Learning ,服務學習,Service-Learning ,蔡翔任 ,2,2/0/0,2,通識," 三7,8",共同教室大樓207,50,https://ecourse2.ccu.edu.tw/local/intro/course_intro.php?cour_no=109_2_7407015_01,.修選課前請至通識教育中心網頁瀏覽各學系不採計通識課程列表。本課程為社會服務學習課程之「認證型課程」；大一學生不得選修。修課學生服務單位為故宮南院，建議備有交通工具或駕照者為佳。SDGs對應目標：4。
其他,通識教育中心,4,公民與社會參與,7407016,01,生涯知能Career Knowledge ,生涯知能,Career Knowledge ,黃承德 楊志和 陸維元 ,2,2/0/0,2,通識," 一10,11",共同教室大樓325,60,https://ecourse2.ccu.edu.tw/local/intro/course_intro.php?cour_no=109_2_7407016_01,".修選課前請至通識教育中心網頁瀏覽各學系不採計通識課程列表。紫荊書院必修課程。SDGs對應目標：4、8、16。"
其他,通識教育中心,4,公民與社會參與,7407026,01,服務學習：高齡健康促進Service Leaning: Health Promotion for the Elderly ,服務學習：高齡健康促進,Service Leaning: Health Promotion for the Elderly ,王怡分 ,2,2/0/0,2,通識," 二2,3",共同教室大樓207,50,https://ecourse2.ccu.edu.tw/local/intro/course_intro.php?cour_no=109_2_7407026_01,".修選課前請至通識教育中心網頁瀏覽各學系不採計通識課程列表。本課程為社會服務學習課程之「認證型課程」；大一學生不得選修。修課學生需前往校外合作單位進行服務，建議備有交通工具或駕照者為佳。SDGs對應目標：3、4。"
其他,通識教育中心,4,公民與社會參與,7407027,01,服務學習：課輔知能在補救教學的應用Service Learning: The Application of Knowledge and Skills in Remedial Teaching ,服務學習：課輔知能在補救教學的應用,Service Learning: The Application of Knowledge and Skills in Remedial Teaching ,林妙香 ,2,2/0/0,2,通識," 五2,3",共同教室大樓211,50,https://ecourse2.ccu.edu.tw/local/intro/course_intro.php?cour_no=109_2_7407027_01,".修選課前請至通識教育中心網頁瀏覽各學系不採計通識課程列表。本課程為社會服務學習課程之「認證型課程」；大一學生不得選修。修課學生需前往校外合作單位進行服務，建議備有交通工具或駕照者為佳。SDGs對應目標：4、16。"
其他,通識教育中心,4,公民與社會參與,7407027,02,服務學習：課輔知能在補救教學的應用Service Learning: The Application of Knowledge and Skills in Remedial Teaching ,服務學習：課輔知能在補救教學的應用,Service Learning: The Application of Knowledge and Skills in Remedial Teaching ,林妙香 ,2,2/0/0,2,通識," 五4,5",共同教室大樓211,50,https://ecourse2.ccu.edu.tw/local/intro/course_intro.php?cour_no=109_2_7407027_02,".修選課前請至通識教育中心網頁瀏覽各學系不採計通識課程列表。本課程為社會服務學習課程之「認證型課程」；大一學生不得選修。修課學生需前往校外合作單位進行服務，建議備有交通工具或駕照者為佳。SDGs對應目標：4、16。"
其他,通識教育中心,4,公民與社會參與,7407027,03,服務學習：課輔知能在補救教學的應用Service Learning: The Application of Knowledge and Skills in Remedial Teaching ,服務學習：課輔知能在補救教學的應用,Service Learning: The Application of Knowledge and Skills in Remedial Teaching ,林妙香 ,2,2/0/0,2,通識," 五7,8",共同教室大樓211,50,https://ecourse2.ccu.edu.tw/local/intro/course_intro.php?cour_no=109_2_7407027_03,".修選課前請至通識教育中心網頁瀏覽各學系不採計通識課程列表。本課程為社會服務學習課程之「認證型課程」；大一學生不得選修。修課學生需前往校外合作單位進行服務，建議備有交通工具或駕照者為佳。SDGs對應目標：4、16。"
其他,通識教育中心,4,公民與社會參與,7407028,01,服務學習：友善校園宣導計畫Service Learning: The Propaganda of Friendly Campus ,服務學習：友善校園宣導計畫,Service Learning: The Propaganda of Friendly Campus ,林妙香 ,2,2/0/0,2,通識," 四2,3",共同教室大樓211,50,https://ecourse2.ccu.edu.tw/local/intro/course_intro.php?cour_no=109_2_7407028_01,".修選課前請至通識教育中心網頁瀏覽各學系不採計通識課程列表。本課程為社會服務學習認證型課程，修課學生須前往校外合作單位進行服務，建議備有交通工具或駕照者為佳；限大二以上學生選修。SDGs對應目標：4、16。"
其他,通識教育中心,4,公民與社會參與,7407030,01,服務學習：校內行政單位Service Learning: On-Campus Administrative Units ,服務學習：校內行政單位,Service Learning: On-Campus Administrative Units ,李洸楚 ,2,2/0/0,2,通識," 一8,9",共同教室大樓322,50,https://ecourse2.ccu.edu.tw/local/intro/course_intro.php?cour_no=109_2_7407030_01,".選課前請至通識教育中心網頁瀏覽各學系不採計通識課程列表。本課程為社會服務學習課程之「認證型課程」。修課學生服務單位為本校圖書館典藏組，無交通工具者可選修此課程。SDGs對應目標：11、16。"
其他,通識教育中心,4,公民與社會參與,7407031,01,服務學習：校內學生社團Service Learning: On-Campus Student Clubs ,服務學習：校內學生社團,Service Learning: On-Campus Student Clubs ,李洸楚 ,2,2/0/0,2,通識," 二10,11",共同教室大樓207,50,https://ecourse2.ccu.edu.tw/local/intro/course_intro.php?cour_no=109_2_7407031_01,.修選課前請至通識教育中心網頁瀏覽各學系不採計通識課程列表。本課程為社會服務學習之「認證型課程」，提供對於社團經營及社團服務學習活動有興趣的學生之修課管道。110學年度起，需修習過或同時修習此門課程方能透過社團服務學習管道取得社會服務學習時數。SDGs對應目標：4。
其他,通識教育中心,2,自然科學與技術,7500004,01,電影中的科學Science in films ,電影中的科學,Science in films ,黃俊儒 ,2,2/0/0,2,通識," 四4,5",共同教室大樓214,62,https://ecourse2.ccu.edu.tw/local/intro/course_intro.php?cour_no=109_2_7500004_01,".大一學生不得選修.選課前請至通識教育中心網頁瀏覽各學系不採計通識課程列表。SDGs對應目標：16。"
其他,通識教育中心,2,能源、環境與生態,7500010,01,永續綠生活Sustainable Green Life ,永續綠生活,Sustainable Green Life ,黃佳盛 ,2,2/0/0,2,通識," 一10,11",共同教室大樓201,60,https://ecourse2.ccu.edu.tw/local/intro/course_intro.php?cour_no=109_2_7500010_01,". ,列入循環科技與永續發展學分學程科目選課前請至通識教育中心網頁瀏覽各學系不採計通識課程列表。SDGs對應目標：2、12、14。"
其他,通識教育中心,2,能源、環境與生態,7500014,01,永續都市規劃概論Introducation to Sustainable Urban Planning ,永續都市規劃概論,Introducation to Sustainable Urban Planning ,蔡中暉 ,2,2/0/0,2,通識," 三7,8",共同教室大樓201,60,https://ecourse2.ccu.edu.tw/local/intro/course_intro.php?cour_no=109_2_7500014_01,".選課前請至通識教育中心網頁瀏覽各學系不採計通識課程列表。SDGs對應目標：9、11、15。"
其他,通識教育中心,2,能源、環境與生態,7500015,01,環境倫理－從綠色產業談起Environmental Ethics from the Viewpoint of Green Industry ,環境倫理－從綠色產業談起,Environmental Ethics from the Viewpoint of Green Industry ,李振卿 ,2,2/0/0,2,通識," 三4,5",共同教室大樓321,62,https://ecourse2.ccu.edu.tw/local/intro/course_intro.php?cour_no=109_2_7500015_01,". ,列入循環科技與永續發展學分學程科目選課前請至通識教育中心網頁瀏覽各學系不採計通識課程列表。SDGs對應目標：1、2、9。"
其他,通識教育中心,2,能源、環境與生態,7500016,01,永續發展Sustainable Development ,永續發展,Sustainable Development ,李振卿 ,2,2/0/0,2,通識," 三7,8",共同教室大樓211,70,https://ecourse2.ccu.edu.tw/local/intro/course_intro.php?cour_no=109_2_7500016_01,". ,列入電子商務學程科目 ,列入循環科技與永續發展學分學程科目選課前請至通識教育中心網頁瀏覽各學系不採計通識課程列表。SDGs對應目標：8、14、15、17。"
其他,通識教育中心,2,能源、環境與生態,7500017,01,氣候變遷調適與防災Climate Change Adaptation and Disasters Protection ,氣候變遷調適與防災,Climate Change Adaptation and Disasters Protection ,李振卿 ,2,2/0/0,2,通識," 四7,8",共同教室大樓325,70,https://ecourse2.ccu.edu.tw/local/intro/course_intro.php?cour_no=109_2_7500017_01,". ,列入循環科技與永續發展學分學程科目選課前請至通識教育中心網頁瀏覽各學系不採計通識課程列表。SDGs對應目標：6、11、15。"
其他,通識教育中心,2,能源、環境與生態,7500019,01,地球演化與資源Geoevolution and Natural Resources ,地球演化與資源,Geoevolution and Natural Resources ,鍾令和 ,2,2/0/0,2,通識," 四8,9",共同教室大樓214,62,https://ecourse2.ccu.edu.tw/local/intro/course_intro.php?cour_no=109_2_7500019_01,"擋修地環系. ,列入循環科技與永續發展學分學程科目選課前請至通識教育中心網頁瀏覽各學系不採計通識課程列表。SDGs對應目標：4、7、14、15。"
其他,通識教育中心,2,自然科學與技術,7500021,01,科學飲茶實務Practice on scientific tea drinking ,科學飲茶實務,Practice on scientific tea drinking ,許偉庭 ,2,2/0/0,2,通識," 二8,9",共同教室大樓206,40,https://ecourse2.ccu.edu.tw/local/intro/course_intro.php?cour_no=109_2_7500021_01,".選課前請至通識教育中心網頁瀏覽各學系不採計通識課程列表。SDGs對應目標：2、3、4。"
其他,通識教育中心,2,自然科學與技術,7500021,02,科學飲茶實務Practice on scientific tea drinking ,科學飲茶實務,Practice on scientific tea drinking ,許偉庭 ,2,2/0/0,2,通識," 二10,11",共同教室大樓206,40,https://ecourse2.ccu.edu.tw/local/intro/course_intro.php?cour_no=109_2_7500021_02,".選課前請至通識教育中心網頁瀏覽各學系不採計通識課程列表。SDGs對應目標：2、3、4。"
其他,通識教育中心,2,能源、環境與生態,7500022,01,地景欣賞與保育Landscape perception and conservation ,地景欣賞與保育,Landscape perception and conservation ,黃文樹 ,2,2/0/0,2,通識," 四11,12",共同教室大樓206,60,https://ecourse2.ccu.edu.tw/local/intro/course_intro.php?cour_no=109_2_7500022_01,". ,列入循環科技與永續發展學分學程科目選課前請至通識教育中心網頁瀏覽各學系不採計通識課程列表。SDGs對應目標：11、15。"
其他,通識教育中心,2,能源、環境與生態,7500023,01,氣候變遷下維生基礎調適The Adaptation of Subsistence for Climate Change ,氣候變遷下維生基礎調適,The Adaptation of Subsistence for Climate Change ,李振卿 ,2,2/0/0,2,通識," 四4,5",共同教室大樓325,70,https://ecourse2.ccu.edu.tw/local/intro/course_intro.php?cour_no=109_2_7500023_01,"擋修地環系. ,列入循環科技與永續發展學分學程科目選課前請至通識教育中心網頁瀏覽各學系不採計通識課程列表。SDGs對應目標：6、13、15。"
其他,通識教育中心,2,能源、環境與生態,7500028,01,永續綠能新契機Hope for Sustainable Green Energy ,永續綠能新契機,Hope for Sustainable Green Energy ,李振卿 ,2,2/0/0,2,通識," 三10,11",共同教室大樓211,70,https://ecourse2.ccu.edu.tw/local/intro/course_intro.php?cour_no=109_2_7500028_01,"擋修地環系. ,列入循環科技與永續發展學分學程科目選課前請至通識教育中心網頁瀏覽各學系不採計通識課程列表。SDGs對應目標：7、8、9。"
其他,通識教育中心,2,能源、環境與生態,7500031,01,氣候變化對人類的影響The Impact of Climate Change ,氣候變化對人類的影響,The Impact of Climate Change ,鍾令和 ,2,2/0/0,2,通識," 四10,11",共同教室大樓214,62,https://ecourse2.ccu.edu.tw/local/intro/course_intro.php?cour_no=109_2_7500031_01,"擋修地環系.選課前請至通識教育中心網頁瀏覽各學系不採計通識課程列表。SDGs對應目標：2、4、6、13、14、15。"
其他,通識教育中心,2,能源、環境與生態,7500032,01,環境生態學Environmental Ecology ,環境生態學,Environmental Ecology ,陳榮盛 ,2,2/0/0,2,通識," 三8,9",共同教室大樓203,60,https://ecourse2.ccu.edu.tw/local/intro/course_intro.php?cour_no=109_2_7500032_01,"擋修地環系.選課前請至通識教育中心網頁瀏覽各學系不採計通識課程列表。SDGs對應目標：4。"
其他,通識教育中心,2,自然科學與技術,7502001,01,生活化學Living Chemistry ,生活化學,Living Chemistry ,陳彥伶 ,2,2/0/0,2,通識," 二10,11",共同教室大樓401,70,https://ecourse2.ccu.edu.tw/local/intro/course_intro.php?cour_no=109_2_7502001_01,"擋修化暨生化系化工系.選課前請至通識教育中心網頁瀏覽各學系不採計通識課程列表。SDGs對應目標：3。"
其他,通識教育中心,2,自然科學與技術,7502002,01,今日化工Today Chemical enginnering ,今日化工,Today Chemical enginnering ,郭勇志 ,2,2/0/0,2,通識," 一8,9",共同教室大樓402,90,https://ecourse2.ccu.edu.tw/local/intro/course_intro.php?cour_no=109_2_7502002_01,"擋修化工系.選課前請至通識教育中心網頁瀏覽各學系不採計通識課程列表。SDGs對應目標：9、11、17。"
其他,通識教育中心,2,自然科學與技術,7503012,01,急救醫學Emergency Medicine ,急救醫學,Emergency Medicine ,楊仁宗 ,2,2/0/0,2,通識," 一10,11",共同教室大樓401,70,https://ecourse2.ccu.edu.tw/local/intro/course_intro.php?cour_no=109_2_7503012_01,".選課前請至通識教育中心網頁瀏覽各學系不採計通識課程列表。SDGs對應目標：3。"
其他,通識教育中心,2,自然科學與技術,7503019,01,猶太習俗與生命科學Jewish Customs and Life Sciences ,猶太習俗與生命科學,Jewish Customs and Life Sciences ,吳淑芬 陳永恩 ,2,2/0/0,2,通識," 二10,11",生醫系333,55,https://ecourse2.ccu.edu.tw/local/intro/course_intro.php?cour_no=109_2_7503019_01,".選課前請至通識教育中心網頁瀏覽各學系不採計通識課程列表。SDGs對應目標：3、4、5、14、15、16。"
其他,通識教育中心,2,資訊能力課程,7504019,01,電腦遊戲設計導論Introduction to Computer Game Programming (程式設計相關/Programming related) ,電腦遊戲設計導論 (程式設計相關),Introduction to Computer Game Programming (Programming related) ,張漢呈 ,2,2/0/0,2,通識," 二9,10",電算中心215教室,60,https://ecourse2.ccu.edu.tw/local/intro/course_intro.php?cour_no=109_2_7504019_01,"擋修資管系.選課前請至通識教育中心網頁瀏覽各學系不採計通識課程列表。SDGs對應目標：8、9。"
其他,通識教育中心,2,能源、環境與生態,7505009,01,臺灣的植物Plants in Taiwan ,臺灣的植物,Plants in Taiwan ,黃佳盛 ,2,2/0/0,2,通識," 一8,9",共同教室大樓201,60,https://ecourse2.ccu.edu.tw/local/intro/course_intro.php?cour_no=109_2_7505009_01,".選課前請至通識教育中心網頁瀏覽各學系不採計通識課程列表。SDGs對應目標：2、13、15。"
其他,通識教育中心,2,自然科學與技術,7505010,01,熱帶環境生物學Tropical Environmental Biology ,熱帶環境生物學,Tropical Environmental Biology ,陳榮盛 ,2,2/0/0,2,通識," 三10,11",共同教室大樓203,60,https://ecourse2.ccu.edu.tw/local/intro/course_intro.php?cour_no=109_2_7505010_01,"擋修生科系生醫系.選課前請至通識教育中心網頁瀏覽各學系不採計通識課程列表。SDGs對應目標：4。"
其他,通識教育中心,2,基礎概論課程,7506001,01,地球科學The Earth ,地球科學,The Earth ,王維豪 ,2,2/0/0,2,通識," 二10,11",地震館302,85,https://ecourse2.ccu.edu.tw/local/intro/course_intro.php?cour_no=109_2_7506001_01,擋修地環系.選課前請至通識教育中心網頁瀏覽各學系不採計通識課程列表。SDGs對應目標：4。
其他,通識教育中心,2,能源、環境與生態,7506003,01,認識海洋The Knowledge of The Oceans ,認識海洋,The Knowledge of The Oceans ,趙鴻椿 ,2,2/0/0,2,通識," 四10,11",地震館107,60,https://ecourse2.ccu.edu.tw/local/intro/course_intro.php?cour_no=109_2_7506003_01,"擋修地環系.選課前請至通識教育中心網頁瀏覽各學系不採計通識課程列表。SDGs對應目標：7、13、14。"
其他,通識教育中心,2,能源、環境與生態,7506007,01,地球與環境科學Earth and Environmental Sciences ,地球與環境科學,Earth and Environmental Sciences ,張永孚 ,2,2/0/0,2,通識," 一2,3",地震館302,85,https://ecourse2.ccu.edu.tw/local/intro/course_intro.php?cour_no=109_2_7506007_01,"擋修地環系. ,列入循環科技與永續發展學分學程科目選課前請至通識教育中心網頁瀏覽各學系不採計通識課程列表。SDGs對應目標：11、13、14、15。"
其他,通識教育中心,2,自然科學與技術,7506011,01,漫遊宇宙101個天體Introduction to 101 Astronomical Objects ,漫遊宇宙101個天體,Introduction to 101 Astronomical Objects ,李昫岱 ,2,2/0/0,2,通識," 一8,9",共同教室大樓208,60,https://ecourse2.ccu.edu.tw/local/intro/course_intro.php?cour_no=109_2_7506011_01,".選課前請至通識教育中心網頁瀏覽各學系不採計通識課程列表。SDGs對應目標：4。"
其他,通識教育中心,2,自然科學與技術,7506012,01,星空探索Exploring the Sky ,星空探索,Exploring the Sky ,李昫岱 ,2,2/0/0,2,通識," 一4,5",共同教室大樓208,60,https://ecourse2.ccu.edu.tw/local/intro/course_intro.php?cour_no=109_2_7506012_01,".選課前請至通識教育中心網頁瀏覽各學系不採計通識課程列表。SDGs對應目標：4、5。"
其他,通識教育中心,2,自然科學與技術,7506012,02,星空探索Exploring the Sky ,星空探索,Exploring the Sky ,李昫岱 ,2,2/0/0,2,通識," 一10,11",共同教室大樓208,60,https://ecourse2.ccu.edu.tw/local/intro/course_intro.php?cour_no=109_2_7506012_02,".選課前請至通識教育中心網頁瀏覽各學系不採計通識課程列表。SDGs對應目標：4、5。"
其他,通識教育中心,2,自然科學與技術,7507003,01,建築與防震Aseismic Concepts for Building Structures ,建築與防震,Aseismic Concepts for Building Structures ,蔡中暉 ,2,2/0/0,2,通識," 二7,8",共同教室大樓201,60,https://ecourse2.ccu.edu.tw/local/intro/course_intro.php?cour_no=109_2_7507003_01,".選課前請至通識教育中心網頁瀏覽各學系不採計通識課程列表。SDGs對應目標：4、11。"
其他,通識教育中心,2,自然科學與技術,7507008,01,漫談人工智慧Introduction to Artificial Intelligence ,漫談人工智慧,Introduction to Artificial Intelligence ,李俊宏 ,2,2/0/0,2,通識," 五4,5",電算中心214教室,40,https://ecourse2.ccu.edu.tw/local/intro/course_intro.php?cour_no=109_2_7507008_01,"擋修資工系電機系通訊系資管系.選課前請至通識教育中心網頁瀏覽各學系不採計通識課程列表。SDGs對應目標：4、8、11。"
其他,通識教育中心,2,資訊能力課程,7507009,01,資訊安全導論Introduction to Information Security ,資訊安全導論,Introduction to Information Security ,王俊堯 黃柏森 ,2,2/0/0,2,通識," 三11,12",電算中心215教室,60,https://ecourse2.ccu.edu.tw/local/intro/course_intro.php?cour_no=109_2_7507009_01,"擋修資工系電機系機械系化工系通訊系會資系資管系. ,列入資通安全學程科目選課前請至通識教育中心網頁瀏覽各學系不採計通識課程列表。SDGs對應目標：2、4、10。"
其他,通識教育中心,2,資訊能力課程,7507013,01,資訊科技應用Applications of Information Technology (程式設計相關/Programming related) ,資訊科技應用 (程式設計相關),Applications of Information Technology (Programming related) ,余泳儒 ,2,2/0/0,2,通識," 二11,12",電算中心216教室,39,https://ecourse2.ccu.edu.tw/local/intro/course_intro.php?cour_no=109_2_7507013_01,"擋修資工系電機系通訊系會資系資管系.選課前請至通識教育中心網頁瀏覽各學系不採計通識課程列表。SDGs對應目標：4、8。"
其他,通識教育中心,2,資訊能力課程,7507013,02,資訊科技應用Applications of Information Technology (程式設計相關/Programming related) ,資訊科技應用 (程式設計相關),Applications of Information Technology (Programming related) ,余泳儒 ,2,2/0/0,2,通識," 三11,12",電算中心216教室,39,https://ecourse2.ccu.edu.tw/local/intro/course_intro.php?cour_no=109_2_7507013_02,"擋修資工系電機系通訊系會資系資管系.選課前請至通識教育中心網頁瀏覽各學系不採計通識課程列表。SDGs對應目標：4、8。"
其他,通識教育中心,2,能源、環境與生態,7507014,01,綠色建築概論An Introduction to Green Architecture ,綠色建築概論,An Introduction to Green Architecture ,蔡中暉 ,2,2/0/0,2,通識," 二9,10",共同教室大樓201,60,https://ecourse2.ccu.edu.tw/local/intro/course_intro.php?cour_no=109_2_7507014_01,". ,列入循環科技與永續發展學分學程科目選課前請至通識教育中心網頁瀏覽各學系不採計通識課程列表。SDGs對應目標：4、6、11、13、15。"
其他,通識教育中心,2,資訊能力課程,7507018,01,巨量資料分析與應用 Big Data Analytics and Applications (程式設計相關/Programming related) ,巨量資料分析與應用  (程式設計相關),Big Data Analytics and Applications (Programming related) ,張漢呈 ,2,2/0/0,2,通識," 二11,12",電算中心215教室,60,https://ecourse2.ccu.edu.tw/local/intro/course_intro.php?cour_no=109_2_7507018_01,"擋修資工系資管系.選課前請至通識教育中心網頁瀏覽各學系不採計通識課程列表。SDGs對應目標：8、9。"
其他,通識教育中心,2,資訊能力課程,7507019,01,資訊創意Information Innovation (程式設計相關/Programming related) ,資訊創意 (程式設計相關),Information Innovation (Programming related) ,范崇碩 ,2,2/0/0,2,通識," 二4,5",電算中心214教室,38,https://ecourse2.ccu.edu.tw/local/intro/course_intro.php?cour_no=109_2_7507019_01,"擋修資工系電機系.選課前請至通識教育中心網頁瀏覽各學系不採計通識課程列表。本課程為社會服務學習課程之「認證型課程」，修課學生需前往校外合作單位進行服務，建議備有交通工具或駕照者為佳。SDGs對應目標：4。"
其他,通識教育中心,2,資訊能力課程,7507020,01,計算思維與程式設計Computational Thinking and Programming (程式設計相關/Programming related) ,計算思維與程式設計 (程式設計相關),Computational Thinking and Programming (Programming related) ,范崇碩 ,2,2/0/0,2,通識," 三10,11",電算中心214教室,38,https://ecourse2.ccu.edu.tw/local/intro/course_intro.php?cour_no=109_2_7507020_01,"擋修資工系電機系會資系資管系.選課前請至通識教育中心網頁瀏覽各學系不採計通識課程列表。SDGs對應目標：4。"
其他,通識教育中心,2,資訊能力課程,7507020,02,計算思維與程式設計Computational Thinking and Programming (程式設計相關/Programming related) ,計算思維與程式設計 (程式設計相關),Computational Thinking and Programming (Programming related) ,范崇碩 ,2,2/0/0,2,通識," 四10,11",電算中心216教室,40,https://ecourse2.ccu.edu.tw/local/intro/course_intro.php?cour_no=109_2_7507020_02,"擋修資工系電機系會資系資管系.選課前請至通識教育中心網頁瀏覽各學系不採計通識課程列表。SDGs對應目標：4。"
其他,通識教育中心,2,資訊能力課程,7507021,01,網頁程式設計Web Programming (程式設計相關/Programming related) ,網頁程式設計 (程式設計相關),Web Programming (Programming related) ,施孟賢 ,2,2/0/0,2,通識," 一4,5",電算中心214教室,38,https://ecourse2.ccu.edu.tw/local/intro/course_intro.php?cour_no=109_2_7507021_01,"擋修會資系資管系.選課前請至通識教育中心網頁瀏覽各學系不採計通識課程列表。SDGs對應目標：4、8。"
其他,通識教育中心,2,資訊能力課程,7507022,01,機器人探索與應用Robotic Exploration and Applications (程式設計相關/Programming related) ,機器人探索與應用 (程式設計相關),Robotic Exploration and Applications (Programming related) ,范崇碩 ,2,2/0/0,2,通識," 三4,5",共同教室大樓302TEAL教室,40,https://ecourse2.ccu.edu.tw/local/intro/course_intro.php?cour_no=109_2_7507022_01,"擋修資工系電機系.選課前請至通識教育中心網頁瀏覽各學系不採計通識課程列表。SDGs對應目標：4。"
其他,通識教育中心,2,資訊能力課程,7507024,01,資料科學分析與應用Introduction to Machine Learning- Using Python (程式設計相關/Programming related) ,資料科學分析與應用 (程式設計相關),Introduction to Machine Learning- Using Python (Programming related) ,王俊堯 ,2,2/0/0,2,通識," 二11,12",電算中心217教室,40,https://ecourse2.ccu.edu.tw/local/intro/course_intro.php?cour_no=109_2_7507024_01,"擋修資工系電機系通訊系.選課前請至通識教育中心網頁瀏覽各學系不採計通識課程列表。SDGs對應目標：2、4、10。"
其他,通識教育中心,2,資訊能力課程,7507025,01,程式設計初探與實作Fundamentals and Practice of Programming Language (程式設計相關/Programming related) ,程式設計初探與實作 (程式設計相關),Fundamentals and Practice of Programming Language (Programming related) ,簡立仁 ,2,2/0/0,2,通識," 二4,5",電算中心215教室,70,https://ecourse2.ccu.edu.tw/local/intro/course_intro.php?cour_no=109_2_7507025_01,"擋修數學系資工系電機系機械系化工系通訊系資管系.選課前請至通識教育中心網頁瀏覽各學系不採計通識課程列表。SDGs對應目標：4、9。"
其他,通識教育中心,2,自然科學與技術,7507026,01,生活中的資料科學Data Science in Real Life ,生活中的資料科學,Data Science in Real Life ,鍾峰宜 ,2,2/0/0,2,通識," 四10,11",電算中心215教室,40,https://ecourse2.ccu.edu.tw/local/intro/course_intro.php?cour_no=109_2_7507026_01,"擋修資工系電機系通訊系會資系資管系.選課前請至通識教育中心網頁瀏覽各學系不採計通識課程列表。SDGs對應目標：4、8、12、17。"
其他,通識教育中心,2,自然科學與技術,7507026,02,生活中的資料科學Data Science in Real Life ,生活中的資料科學,Data Science in Real Life ,鍾峰宜 ,2,2/0/0,2,通識," 五2,3",電算中心217教室,40,https://ecourse2.ccu.edu.tw/local/intro/course_intro.php?cour_no=109_2_7507026_02,"擋修資工系電機系通訊系會資系資管系.選課前請至通識教育中心網頁瀏覽各學系不採計通識課程列表。SDGs對應目標：4、8、12、17。"
其他,通識教育中心,2,資訊能力課程,7507027,01,自然語言處理入門Introduction to Natural Language Processing (程式設計相關/Programming related) ,自然語言處理入門 (程式設計相關),Introduction to Natural Language Processing (Programming related) ,施孟賢 ,2,2/0/0,2,通識," 一8,9",電算中心214教室,38,https://ecourse2.ccu.edu.tw/local/intro/course_intro.php?cour_no=109_2_7507027_01,"擋修資工系資管系.修課學生應具運算思維或Python程式觀念。選課前請至通識教育中心網頁瀏覽各學系不採計通識課程列表。SDGs對應目標：4、8。"
其他,通識教育中心,2,自然科學與技術,7507028,01,循環科技（一）Circular Technology (I) ,循環科技（一）,Circular Technology (I) ,胡維平 ,2,2/0/0,2,通識," 五8,9",共同教室大樓106階梯教室,90,https://ecourse2.ccu.edu.tw/local/intro/course_intro.php?cour_no=109_2_7507028_01,". ,列入循環科技與永續發展學分學程科目選課前請至通識教育中心網頁瀏覽各學系不採計通識課程列表。SDGs對應目標：6、7、12。"
